n_samples,n_features,log_n_samples,log_n_features,feature_ratio,target_mean,target_std,target_skew,target_kurtosis,mean_feature_skew,mean_feature_kurtosis,mean_abs_corr,max_abs_corr,mean_predictor_r2,decision_stump_r2,stump_vs_mean_r2_ratio,simple_rule_r2,rule_vs_mean_r2_ratio,tree_advantage,tabpfn_suitable,svm_suitable,linear_favorable,BayesianRidge_rank,LinearRegression_rank,SVR_rank,RandomForestRegressor_rank,GradientBoostingRegressor_rank,LGBMRegressor_rank,HistGradientBoostingRegressor_rank,XGBRegressor_rank,DecisionTreeRegressor_rank,MLPRegressor_rank,LGBMRegressor_1pct_r2,LGBMRegressor_vs_mean_r2_ratio,LGBMRegressor_vs_stump_r2_ratio,XGBRegressor_1pct_r2,XGBRegressor_vs_mean_r2_ratio,XGBRegressor_vs_stump_r2_ratio,RandomForestRegressor_1pct_r2,RandomForestRegressor_vs_mean_r2_ratio,RandomForestRegressor_vs_stump_r2_ratio,DecisionTreeRegressor_1pct_r2,DecisionTreeRegressor_vs_mean_r2_ratio,DecisionTreeRegressor_vs_stump_r2_ratio,HistGradientBoostingRegressor_1pct_r2,HistGradientBoostingRegressor_vs_mean_r2_ratio,HistGradientBoostingRegressor_vs_stump_r2_ratio,LinearRegression_1pct_r2,LinearRegression_vs_mean_r2_ratio,LinearRegression_vs_stump_r2_ratio,BayesianRidge_1pct_r2,BayesianRidge_vs_mean_r2_ratio,BayesianRidge_vs_stump_r2_ratio,GradientBoostingRegressor_1pct_r2,GradientBoostingRegressor_vs_mean_r2_ratio,GradientBoostingRegressor_vs_stump_r2_ratio,MLPRegressor_1pct_r2,MLPRegressor_vs_mean_r2_ratio,MLPRegressor_vs_stump_r2_ratio,SVR_1pct_r2,SVR_vs_mean_r2_ratio,SVR_vs_stump_r2_ratio
61,2,4.127134385045092,1.0986122886681098,0.03278688524590164,3.2903934426229506,0.3287887000637605,-0.16402696768192362,-0.37059415799050344,-2.389328899341679e-16,-2.0,0.05664999205671788,0.05664999205671788,-0.4362957655970383,-0.17433581317744373,-1743358131.7744372,0.1883365596361981,1883365596.361981,-0.36267237281364184,1,0,0,1,2,3,4,5,6,7,8,9,10,,,,,,,,,,,,,,,,,,,,,,,,,,,,,,
303,13,5.717027701406222,2.6390573296152584,0.0429042904290429,0.9372937293729373,1.2285356879701044,1.0532483070030871,-0.15621171477513585,1.5012134262297256,2.0439774532029134,0.15588571022325548,0.5775368167291411,-0.00048116152600097273,0.217393691676119,2173936916.76119,0.5197885991961342,5197885991.961342,-0.3023949075200152,1,1,0,1,2,3,4,10,8,6,7,9,5,-0.0021043689320388026,-21043689.320388027,-0.009679990784525467,-0.5163716077804565,-5163716077.804565,-2.3752833111172595,0.31413167475728154,3141316747.5728154,1.4449898354239565,0.050242718446602,502427184.4660199,0.23111396682777446,-0.0021043689320388026,-21043689.320388027,-0.009679990784525467,-0.4420158655487487,-4420158655.487487,-2.0332506529549166,0.20969162498603877,2096916249.8603876,0.9645708822979323,0.19277822668877131,1927782266.8877132,0.886770104516093,0.4107261142217252,4107261142.2172523,1.8893193774621568,0.20709970273322598,2070997027.3322597,0.9526481708667546
159,15,5.075173815233827,2.772588722239781,0.09433962264150944,11445.729559748428,5877.856195222509,1.5765463970758375,2.4811958332944064,2.3065961281111296,3.919184251020617,0.3847409464325406,0.9719988006718845,-0.0005144105657548526,0.7833005057412029,7833005057.412029,0.7106502814609704,7106502814.609704,0.07265022428023249,1,1,1,7,8,9,1,2,4,5,3,6,10,-0.007377867655090187,-73778676.55090186,-0.009418949178526106,0.4291538532893896,4291538532.8938956,0.5478789431947323,0.8176478293316289,8176478293.316289,1.0438494847618216,-0.04273857419893523,-427385741.9893523,-0.05456216852367993,-0.007377867655090187,-73778676.55090186,-0.009418949178526106,-0.7315868676931947,-7315868676.931947,-0.9339798229811254,0.6381646728099626,6381646728.099626,0.8147124483292595,0.8830769852094538,8830769852.094538,1.1273795672758269,-4.861006032725163,-48610060327.251625,-6.205799686195027,-0.36875198095744044,-3687519809.5744042,-0.47076693842870254
398,7,5.988961416889864,2.0794415416798357,0.017587939698492462,23.514572864321607,7.815984312565782,0.45534192556309266,-0.5194245405990441,1.6274981873459742,1.0863208325994025,0.5587302026508761,0.9333605245144145,-0.0008813493931174587,0.5572362524722965,5572362524.722964,0.8497420053487074,8497420053.487073,-0.2925057528764109,1,1,1,7,6,8,3,4,1,2,5,9,10,-0.025160625163284767,-251606251.63284767,-0.045152527409432416,0.692739943284077,6927399432.840769,1.2431709893435499,0.671630698889027,6716306988.89027,1.2052889522338064,0.6489076874758208,6489076874.758208,1.1645108956870711,-0.025160628358186665,-251606283.58186665,-0.0451525331429106,0.8335329558334352,8335329558.334352,1.4958340419082392,0.7913623645269066,7913623645.269065,1.420155923122123,0.6924724174998916,6924724174.998916,1.2426908953385414,-0.13934947118115226,-1393494711.8115225,-0.25007251513680034,0.16053601465674017,1605360146.5674016,0.2880932709321911
125,4,4.836281906951478,1.6094379124341003,0.032,23.464,15.87884776838713,1.5711575973974423,2.9762566047714643,0.1602176630092015,-1.7376184893028912,0.32416085354055774,0.642857142857143,-0.005294914232750081,-0.021642446523143066,-216424465.23143065,-0.12450174392009483,-1245017439.2009482,0.10285929739695177,1,1,0,1,3,2,6,8,5,4,9,10,7,,,,,,,,,,,,,,,,,,,,,,,,,,,,,,
418,18,6.037870919922137,2.9444389791664403,0.0430622009569378,1917.7822966507176,1104.6729923907321,0.47090441693552926,-0.4907107143713749,2.256419300987247,4.992395854043264,0.1554937291516017,0.5520799215143224,-0.0018205746051336291,0.23486007548255106,2348600754.8255105,0.4656095713295737,4656095713.295737,-0.23074949584702265,1,1,0,2,1,8,4,3,6,5,7,9,10,-0.03179841219258184,-317984121.9258184,-0.1353930084849364,-0.041428532829081766,-414285328.2908176,-0.17639665977268112,-0.05012355560035853,-501235556.0035853,-0.2134188005235588,-0.22903196692762418,-2290319669.276242,-0.9751847624891022,-0.03179841219258184,-317984121.9258184,-0.1353930084849364,-0.5293396086454631,-5293396086.454631,-2.253850968743261,-0.031797466488829196,-317974664.88829195,-0.13538898181607537,-0.178773373867801,-1787733738.67801,-0.7611909921279191,-2.3978970767994654,-23978970767.99465,-10.209896560207898,-0.09864316703278542,-986431670.3278542,-0.42000824035379364
189,9,5.247024072160486,2.302585092994046,0.047619047619047616,2944.6560846560847,729.0224168601324,-0.2084992549065063,-0.11085672904511235,0.8206806112496592,-0.7053782397868877,0.11544392384635145,0.3390307448602244,-0.019245099599725535,0.6041339659976623,6041339659.976624,0.5807210700917915,5807210700.917915,0.023412895905870812,1,1,0,7,6,10,3,8,1,5,2,4,9,-0.0611843216065695,-611843216.065695,-0.10127608287266247,-0.2251791385221129,-2251791385.221129,-0.37273047237172596,0.15556249761969854,1555624976.1969852,0.25749669175247214,-0.21640359348528926,-2164035934.8528924,-0.3582046460968669,-0.0611843216065695,-611843216.065695,-0.10127608287266247,-5.126771129715105,-51267711297.15105,-8.48614946065612,-0.061183050066341726,-611830500.6634172,-0.10127397814043528,-0.14816420189731527,-1481642018.9731526,-0.24525057393956987,-18.3315124231286,-183315124231.286,-30.343456012866415,-0.3868655670167509,-3868655670.167509,-0.6403638742242939
303,13,5.717027701406222,2.6390573296152584,0.0429042904290429,246.69306930693068,51.77691754263704,1.1298741026270545,4.398208250636747,1.4710118151515048,2.1360858718491533,0.1932057977594844,0.5775368167291411,-0.0018767357302618137,0.026118072590234465,261180725.90234464,0.1144924649949628,1144924649.9496279,-0.08837439240472833,1,1,0,2,1,7,3,4,5,6,8,9,10,-0.010402220177651023,-104022201.77651022,-0.3982767159296589,-0.07337693208045626,-733769320.8045626,-2.80943135550867,0.01909388189059502,190938818.90595022,0.7310601433022365,-0.08704143778160822,-870414377.8160822,-3.3326133649752157,-0.010402220177651023,-104022201.77651022,-0.3982767159296589,-0.7500735983394671,-7500735983.3946705,-28.718566262807588,-0.010379397534981516,-103793975.34981516,-0.39740289024475595,-0.07035227520874932,-703522752.0874932,-2.693624308060695,-11.264454668317835,-112644546683.17834,-431.28966080481797,-0.02033699300867453,-203369930.0867453,-0.7786559646931421
108,5,4.6913478822291435,1.791759469228055,0.046296296296296294,1.2325925925925925,1.0771790524200955,1.9262308316260888,4.748231673347808,1.2737567003465364,-0.10837832680800741,0.27210214592258863,0.8522234032786357,-0.011098022922293449,0.5571446479341167,5571446479.3411665,0.9232582061925588,9232582061.925589,-0.36611355825844216,1,1,1,3,4,9,5,6,8,7,2,10,1,,,,,,,,,,,,,,,,,,,,,,,,,,,,,,
195,10,5.278114659230517,2.3978952727983707,0.05128205128205128,558.7282051282051,418.71780593198304,1.051579050359629,0.33374127940926934,0.31870506612302346,-1.1555090668564085,0.07835152448654309,0.2696772166372467,-0.03327676193142337,0.5184418235687238,5184418235.687238,0.5576935876404612,5576935876.404612,-0.03925176407173736,1,1,0,3,1,9,2,6,4,5,7,8,10,-0.010179379939823097,-101793799.39823097,-0.019634565494258845,-0.44941692662244725,-4494169266.224472,-0.8668608630547209,-0.04395908945428051,-439590894.5428051,-0.08479078549582596,-0.6117611449912423,-6117611449.912423,-1.1799996010741371,-0.010179379939823097,-101793799.39823097,-0.019634565494258845,-3.5602471941652736,-35602471941.65273,-6.867206757468194,-0.08097888257147634,-809788825.7147634,-0.15619666255714787,-0.3513005356611678,-3513005356.611678,-0.6776084021211302,-1.4864125735160383,-14864125735.160383,-2.8670768945380076,-0.0022883936295730045,-22883936.295730043,-0.004413983451066345
130,9,4.875197323201151,2.302585092994046,0.06923076923076923,22.182923076923075,15.858267227266708,0.1696121535979699,-0.924572178082288,0.5572187636798062,-1.1803640366105834,0.24220238903963626,0.6711022888904369,-0.17744734430340525,0.4022023704067985,4022023704.067985,0.4082202089196211,4082202089.1962104,-0.00601783851282256,1,1,0,2,1,9,5,6,4,3,8,7,10,,,,,,,,,,,,,,,,,,,,,,,,,,,,,,
286,9,5.659482215759621,2.302585092994046,0.03146853146853147,24.657342657342657,10.358218972495898,0.0559335100004539,0.04978598191123762,1.410328766587404,1.023138605424296,0.1512081915413642,0.6897508703827544,-0.001232126625086094,0.02410405720665265,241040572.0665265,-0.06635310521442483,-663531052.1442484,0.09045716242107749,1,1,0,7,6,10,3,8,1,5,2,4,9,-0.07043717288714513,-704371728.8714513,-2.9222123181696014,-0.9124438762664795,-9124438762.664795,-37.85436901529787,-0.19778623317764676,-1977862331.7764676,-8.205516253216421,-1.267749385576947,-12677493855.76947,-52.594854663183085,-0.07043717288714513,-704371728.8714513,-2.9222123181696014,-6.497896516872225,-64978965168.722244,-269.57687916036076,-0.03558931038698132,-355893103.8698132,-1.4764863060961693,-0.548113811299928,-5481138112.99928,-22.739483506894853,-0.723092861634415,-7230928616.34415,-29.998802916665973,0.004912599935720463,49125999.35720463,0.20380801014547043
55,2,4.02535169073515,1.0986122886681098,0.03636363636363636,43.27512727272728,24.00911391924336,0.8636109395169634,-0.16326799288344063,0.0,-2.0,0.7779287853630107,0.7779287853630107,-0.08783219046089119,-0.1122816456181841,-1122816456.181841,0.5959889004064318,5959889004.064318,-0.7082705460246159,1,0,0,2,3,9,5,4,7,8,1,6,10,,,,,,,,,,,,,,,,,,,,,,,,,,,,,,
294,13,5.68697535633982,2.6390573296152584,0.04421768707482993,0.36054421768707484,0.48097708049660515,0.5808740766245468,-1.66258530710558,1.235076706660356,0.1637749914411719,0.12579943391674034,0.6255101133374147,-0.020128589679110798,0.3111109199420051,3111109199.420051,0.3052807445604755,3052807445.604755,0.005830175381529634,1,1,0,3,7,1,4,2,8,5,6,10,9,-0.033817330210773155,-338173302.1077315,-0.10869862818404805,-0.4012529050137439,-4012529050.137439,-1.2897422729119965,0.20596159250585466,2059615925.0585465,0.6620198112758254,-0.6153395784543325,-6153395784.543324,-1.9778784318115201,-0.033817330210773155,-338173302.1077315,-0.10869862818404805,-1.4209415129208627,-14209415129.208626,-4.567314812304703,-1.4208864932901482,-14208864932.901482,-4.567137963383024,-0.5923906552350673,-5923906552.350673,-1.9041139904234032,-0.01713309141495656,-171330914.14956558,-0.05507068481604688,0.2812149720265702,2812149720.265702,0.9039058226531942
158,7,5.0689042022202315,2.0794415416798357,0.04430379746835443,398.69556962025314,359.08620371714636,1.0877680450441614,0.7915591892437455,1.9982857387159825,2.0805499983391282,0.2577385516338878,0.999517193100315,-0.03528591579338736,0.7473100259698766,7473100259.698766,0.8520179989201229,8520179989.201228,-0.10470797295024625,1,1,1,4,5,9,1,2,8,7,3,6,10,-0.042567740806613186,-425677408.06613183,-0.05696128691886311,0.43951492349613086,4395149234.9613085,0.5881293013909695,0.656151055543546,6561510555.43546,0.8780171986746433,0.5574272509065289,5574272509.065289,0.745911645147657,-0.04256774082991455,-425677408.29914546,-0.056961286950043426,0.631383249664308,6313832496.64308,0.8448745871499368,0.7309453801395206,7309453801.3952055,0.9781019319135755,0.679353160552097,6793531605.52097,0.9090646946298043,-1.5159043045769862,-15159043045.769861,-2.0284811549391564,-0.12120423299414562,-1212042329.941456,-0.16218735033943096
365,3,5.902633333401366,1.3862943611198906,0.00821917808219178,9132.161643835616,817.8820871096718,-0.33008189179876635,-0.6941200076121992,0.6584158767962817,-1.4999999999999998,0.007270639156723865,0.013542854894212981,-0.0017865126738076942,0.24744692284497438,2474469228.4497437,0.016130924262626967,161309242.62626967,0.23131599858234742,1,1,0,8,7,9,4,1,3,2,5,6,10,-0.043981990904937485,-439819909.0493748,-0.17774313133201589,-0.38011491298675537,-3801149129.8675537,-1.5361472618711753,0.13747889454515938,1374788945.4515936,0.5555894288945754,0.07582819059886736,758281905.9886736,0.30644224517745877,-0.043981990904937485,-439819909.0493748,-0.17774313133201589,-0.16646302027363413,-1664630202.7363412,-0.6727221270717652,-0.04397802300847253,-439780230.0847253,-0.177727095988277,-0.08216654262779355,-821665426.2779355,-0.3320572415413342,-121.93123794538779,-1219312379453.878,-492.75713976761705,-0.0002948020419328845,-2948020.419328845,-0.0011913748554374956
559,4,6.327936783729195,1.6094379124341003,0.007155635062611807,1.3273703041144902,10.303728944856843,10.13400306560105,108.55842348527622,0.7441417978080747,-1.079877231938835,0.14897167973104325,0.44320340561609495,-0.011884869217708705,0.4790179093031083,4790179093.031082,0.06297391334302038,629739133.4302038,0.4160439959600879,1,1,0,8,7,9,1,2,6,4,5,3,10,-0.02172613998283124,-217261399.82831237,-0.04535559017916298,-0.025670528411865234,-256705284.11865234,-0.05358991368237485,-0.02194026660977544,-219402666.0977544,-0.04580260191460251,-0.025606119867727983,-256061198.67727983,-0.05345545410813689,-0.02172613998283124,-217261399.82831237,-0.04535559017916298,-36.605087888737714,-366050878887.37714,-76.4169505519993,-0.028351341622357307,-283513416.223573,-0.05918639172302308,-0.02560600880136521,-256060088.0136521,-0.053455222245484955,-0.4712430929122704,-4712430929.122704,-0.9837692573913386,-0.023475418372847168,-234754183.72847167,-0.049007391825913175
20,8,3.044522437723423,2.1972245773362196,0.4,101.0,13.210840843393491,0.8081422882349895,-0.49530368531563207,2.1509433169752485,2.863207836861399,0.2575859166066651,0.6711921011937773,-0.017231166873081794,0.217688654353562,2176886543.5356197,-0.5776207987081028,-5776207987.081028,0.7953094530616648,1,0,0,7,6,10,3,8,1,5,2,4,9,,,,,,,,,,,,,,,,,,,,,,,,,,,,,,
48,4,3.8918202981106265,1.6094379124341003,0.08333333333333333,347.0625,284.33972834801204,0.904871338059984,-0.016140589306729236,1.1547005383792515,-0.6666666666666665,1.7134473730292405e-17,3.385833533502598e-17,-0.001096652661486841,0.47079705990473386,4707970599.0473385,0.5864107449011264,5864107449.011264,-0.11561368499639257,1,0,0,2,3,9,1,4,7,8,5,6,10,,,,,,,,,,,,,,,,,,,,,,,,,,,,,,
92,5,4.532599493153256,1.791759469228055,0.05434782608695652,5.934782608695652,1.1271314151184706,-1.0753056433321095,0.831984188464364,1.334314719715917,0.06546107246660116,0.17754871989090878,0.598772322895491,-0.00012500000000015277,0.26316137959781594,2631613795.9781594,0.5520448041136904,5520448041.136904,-0.28888342451587445,1,0,0,1,2,3,6,8,4,5,9,7,10,,,,,,,,,,,,,,,,,,,,,,,,,,,,,,
140,3,4.948759890378168,1.3862943611198906,0.02142857142857143,37.285714285714285,20.394062372702134,0.2728371311967839,-0.9344514724271766,0.6568124250611409,-1.4999999999999996,0.2974258974442021,0.45025034567391126,-0.026174937398480758,0.0641467805383652,641467805.383652,-0.007873357858514618,-78733578.58514617,0.07202013839687982,1,1,0,7,9,8,1,3,5,4,2,6,10,,,,,,,,,,,,,,,,,,,,,,,,,,,,,,
649,2,6.476972362889683,1.0986122886681098,0.0030816640986132513,4.3929121725731894,6.297511682313847,2.475085544744504,7.937456758056042,0.0,-2.0,,,-0.0039608603639313955,0.4366346027277429,4366346027.277429,0.40015825887320944,4001582588.7320943,0.036476343854533466,1,1,0,8,9,10,1,4,2,3,5,6,7,-0.2435239134157574,-2435239134.157574,-0.5577293047651635,0.10072439908981323,1007243990.8981323,0.23068350162943557,0.23406723776176297,2340672377.6176295,0.5360712053041572,0.10061244881090281,1006124488.1090281,0.23042710811822265,-0.2435239134157574,-2435239134.157574,-0.5577293047651635,0.37401844242541626,3740184424.2541623,0.8565936828846109,0.36957022960987884,3695702296.0987883,0.8464061879225796,0.10064185698278572,1006418569.8278571,0.2304944600223072,0.3629575251663635,3629575251.663635,0.8312614779014212,-0.07287832405680161,-728783240.568016,-0.16690918127312007
137,7,4.927253685157205,2.0794415416798357,0.051094890510948905,121.62773722627738,157.81672203667463,3.0922493919645353,12.554435052335036,0.6972763797314008,-0.37372779770595477,0.09228318067296695,0.41762388293821406,-0.0025618362715651433,0.04406583288079724,440658328.8079724,0.18745788372017602,1874578837.20176,-0.14339205083937878,1,1,0,2,1,6,5,7,3,4,9,10,8,,,,,,,,,,,,,,,,,,,,,,,,,,,,,,
60,10,4.110873864173311,2.3978952727983707,0.16666666666666666,2.45,1.454682678426898,1.3158720530037926,2.2206136350404613,2.2322207663255966,3.710719480759747,0.17600340286594265,0.9118569097197187,-0.03193499622071028,0.10448170063554707,1044817006.3554707,0.353841778119506,3538417781.19506,-0.24936007748395894,1,0,0,4,3,8,5,2,6,7,9,10,1,,,,,,,,,,,,,,,,,,,,,,,,,,,,,,
468,3,6.150602768446279,1.3862943611198906,0.00641025641025641,9.099893162393162,5.2989115472889035,0.62855031731132,-0.06680293714492969,0.7071067811865478,-1.4999999999999996,0.33240714834419055,0.9972214450325714,-0.08057462386365866,0.3977825330033441,3977825330.0334406,-0.02005096204608514,-200509620.4608514,0.41783349504942924,1,1,0,10,9,7,1,5,4,3,2,6,8,-0.3856619936536949,-3856619936.536949,-0.9695297346061515,-0.4813906976757809,-4813906976.757809,-1.2101856108189997,-0.2655925713152292,-2655925713.152292,-0.6676828399425884,-0.5644984308377232,-5644984308.377232,-1.4191131686342235,-0.3856619936536949,-3856619936.536949,-0.9695297346061515,-0.7708064207416463,-7708064207.416463,-1.9377583397689466,-0.3857020008782508,-3857020008.782508,-0.9696303102253317,-0.2278990843299633,-2278990843.299633,-0.5729238099251769,-0.639547724548623,-6395477245.486229,-1.6077823219634593,-0.3438841808043458,-3438841808.043458,-0.864502969016628
159,9,5.075173815233827,2.302585092994046,0.05660377358490566,0.33962264150943394,0.7533065397135862,2.6499623961048604,7.5509673757779865,0.5163110571881334,-1.3113022643677106,0.13935720811986688,0.3703031243368193,-0.012801714715307222,0.06293325918887394,629332591.8887393,0.05204758067805304,520475806.7805304,0.010885678510820895,1,1,0,4,1,8,2,3,5,7,6,10,9,-0.014306569343065956,-143065693.43065956,-0.22732922984537302,-0.013293981552124023,-132939815.52124023,-0.21123936251619216,0.08067956204379556,806795620.4379556,1.2819860767366553,-0.051094890510949176,-510948905.10949177,-0.8118901065906073,-0.014306569343065956,-143065693.43065956,-0.22732922984537302,-0.8979659397045681,-8979659397.045681,-14.268543394671681,0.0018275540361343268,18275540.36134327,0.029039558092002055,0.06824091081976102,682409108.1976103,1.0843377841747854,-0.18519400824365784,-1851940082.4365783,-2.942704869103594,0.06399183435553446,639918343.5553446,1.016820599795786
315,13,5.755742213586912,2.6390573296152584,0.04126984126984127,602.7904761904762,208.89547390330995,1.3076900419642823,3.9365549614357294,1.4223561131935345,0.5830985653781844,0.1549142560880994,0.871841504273307,-0.001701751454408873,-0.006788802730575361,-67888027.3057536,0.03461566693736429,346156669.37364286,-0.04140446966793965,1,1,0,2,1,3,4,6,7,5,8,9,10,-0.3441376322641827,-3441376322.641827,-3441376322.641827,-1.387923240661621,-13879232406.61621,-13879232406.61621,-1.0610989917865905,-10610989917.865904,-10610989917.865904,-2.3859302481798603,-23859302481.798603,-23859302481.798603,-0.3441376322641827,-3441376322.641827,-3441376322.641827,-2.287697362619379,-22876973626.19379,-22876973626.19379,-0.3441587138268032,-3441587138.2680316,-3441587138.2680316,-1.6093479304483278,-16093479304.483278,-16093479304.483278,-7.719050999452222,-77190509994.52222,-77190509994.52222,-0.3885249506690327,-3885249506.6903267,-3885249506.6903267
559,4,6.327936783729195,1.6094379124341003,0.007155635062611807,2.8336314847942754,21.213267967570513,9.283732187793987,90.51355595477804,0.78683527362651,-1.0324722772350343,0.14922198431258302,0.44320340561609495,-0.007295772276478818,0.3157629568431424,3157629568.4314237,0.0441099968052312,441099968.05231196,0.2716529600379112,1,1,0,9,8,7,1,2,4,5,6,3,10,-0.027003902048015282,-270039020.4801528,-0.08551953756066984,-0.027003884315490723,-270038843.1549072,-0.08551948140295984,-0.027003902048015282,-270039020.4801528,-0.08551953756066984,-0.027003902048015282,-270039020.4801528,-0.08551953756066984,-0.027003902048015282,-270039020.4801528,-0.08551953756066984,-0.027003902048015282,-270039020.4801528,-0.08551953756066984,-0.027003902048015282,-270039020.4801528,-0.08551953756066984,-0.027003902048015282,-270039020.4801528,-0.08551953756066984,-2.348080858930402,-23480808589.304016,-7.436213805461762,-0.027003902048015282,-270039020.4801528,-0.08551953756066984
26,7,3.295836866004329,2.0794415416798357,0.2692307692307692,412099.3076923077,111600.77692301941,-0.2757908352516952,-0.7841513814119243,1.8423151012083936,1.7367065348784667,0.3468395007798143,0.9985796536866318,-0.5099648798164185,-0.49737449038927695,-4973744903.892769,-0.14448277334183324,-1444827733.4183323,-0.3528917170474437,1,0,0,4,1,3,2,8,5,6,7,9,10,,,,,,,,,,,,,,,,,,,,,,,,,,,,,,
163,5,5.099866427824199,1.791759469228055,0.03067484662576687,2.5092024539877302,3.963363234101316,2.02672020394057,4.16950197046217,-0.6524233657442438,-1.1590795492151076,0.4793982892185472,0.8751677834939002,-0.0009582596357760043,0.3536051585889023,3536051585.889023,0.26761055431171077,2676105543.1171074,0.08599460427719152,1,1,0,8,5,6,3,9,2,1,4,10,7,-0.04303962490708457,-430396249.0708457,-0.12171662053471906,0.018328428268432617,183284282.68432617,0.051833034171713144,0.21826774543999072,2182677454.399907,0.6172640306239043,0.20009720395677277,2000972039.5677276,0.5658775023398449,-0.04303962490708457,-430396249.0708457,-0.12171662053471906,-0.9482716467100278,-9482716467.100279,-2.6817245836972607,-0.032965128626747164,-329651286.2674716,-0.09322581366826745,0.18000707568548568,1800070756.8548567,0.5090623575850036,0.20888521833747475,2088852183.3747475,0.5907301216165869,-0.0031522923489113452,-31522923.48911345,-0.008914723873064781
120,19,4.795790545596741,2.995732273553991,0.15833333333333333,4.408333333333333,9.853119484987186,2.7945907941885335,7.35912001685414,-1.2378897059140581,1.2563547397477075,0.09378597979789426,0.4999999999999999,-0.2259756681144207,-0.5453843820264819,-5453843820.264818,-0.2941914800311589,-2941914800.3115892,-0.25119290199532296,1,1,0,7,6,10,3,8,1,5,2,4,9,,,,,,,,,,,,,,,,,,,,,,,,,,,,,,
100,2,4.61512051684126,1.0986122886681098,0.02,5.56,3.96785059998967,0.10821947412035371,-1.863907537219983,3.465952838248555e-16,-1.9999999999999998,0.1741655951433522,0.1741655951433522,-0.0011170064227874477,0.9536457038795135,9536457038.795135,0.9516582216342789,9516582216.342789,0.0019874822452345953,1,1,1,8,7,9,2,6,1,3,4,5,10,,,,,,,,,,,,,,,,,,,,,,,,,,,,,,
418,19,6.037870919922137,2.995732273553991,0.045454545454545456,0.8301435406698564,0.9557853518542164,0.344177130352537,-1.8139737280082764,2.6766997294558257,6.933412740295999,0.15097128992847034,0.5520799215143225,-0.009757725791328387,0.22712020447948,2271202044.7948,0.5005664103015524,5005664103.015523,-0.27344620582207235,1,1,0,7,8,9,4,1,2,5,3,10,6,-0.01139966273187154,-113996627.3187154,-0.05019220002023855,-0.9286772012710571,-9286772012.710571,-4.088923763517314,-0.243355251264755,-2433552512.6475496,-1.0714821775653245,-0.9293086003372675,-9293086003.372675,-4.091703785081918,-0.01139966273187154,-113996627.3187154,-0.05019220002023855,-0.7746469146640227,-7746469146.640226,-3.4107353700186147,-0.09914809370784594,-991480937.0784594,-0.4365445775072109,-0.9292557757110178,-9292557757.110178,-4.091471200638932,-0.23491026506680468,-2349102650.668047,-1.0342992848442443,0.19940909828283082,1994090982.828308,0.8779892512858632
132,3,4.890349128221754,1.3862943611198906,0.022727272727272728,84.21969696969697,72.3791242302292,1.5477209856948089,1.8889525428256224,0.49160876890992666,-1.5,0.3567813541565827,0.65695857901455,-0.046580652882256546,0.5017312955238906,5017312955.238906,0.62951448971752,6295144897.1751995,-0.12778319419362938,1,1,0,7,8,9,3,2,6,5,1,4,10,,,,,,,,,,,,,,,,,,,,,,,,,,,,,,
67,14,4.219507705176107,2.70805020110221,0.208955223880597,43341.20895522388,74833.26272485107,2.9248891423621606,8.833217892679823,3.098070065494942,8.063510013665582,0.5636046911945339,0.9969344350865289,-0.11579965491919486,0.5898752282069006,5898752282.069006,1.0,10000000000.0,-0.41012477179309936,1,0,0,8,1,9,3,2,7,6,4,5,10,,,,,,,,,,,,,,,,,,,,,,,,,,,,,,
506,13,6.2285110035911835,2.6390573296152584,0.025691699604743084,22.532806324110677,9.197104087379818,1.104810822864635,1.4686287722747462,1.571115589804595,3.6040724686204166,0.3514511018123758,0.7692301132258277,-0.03469753992352409,0.415876711948333,4158767119.48333,0.6884726255119309,6884726255.119308,-0.2725959135635979,1,1,0,8,7,9,3,1,5,4,2,6,10,-0.000445053486552327,-4450534.86552327,-0.0010701572696083517,-0.21825756554971432,-2182575655.4971433,-0.5248131460095554,0.5923490753173124,5923490753.173123,1.4243381711426624,0.5617019113281226,5617019113.281226,1.350645263824983,-0.0004450536730098431,-4450536.730098431,-0.0010701577179564096,-1.0838836208101221,-10838836208.101221,-2.606261879229198,-1.083882715351125,-10838827153.51125,-2.6062597019998144,0.6309525053327638,6309525053.327638,1.5171623878067764,-1.4787908580281766,-14787908580.281765,-3.5558395446097886,0.048535846001838245,485358460.01838243,0.11670729475197968
559,4,6.327936783729195,1.6094379124341003,0.007155635062611807,0.8640429338103757,6.242654071943493,9.856939544679348,101.58831869278909,0.78683527362651,-1.0324722772350343,0.14922198431258302,0.44320340561609495,-0.008292752678203508,0.5484263080037204,5484263080.037204,0.07817746592650221,781774659.265022,0.4702488420772182,1,1,0,10,7,8,1,2,5,4,6,3,9,-0.02701805677211966,-270180567.7211966,-0.04926469860730382,-0.027017831802368164,-270178318.02368164,-0.04926428839767636,-0.02701805677211966,-270180567.7211966,-0.04926469860730382,-0.02701805677211966,-270180567.7211966,-0.04926469860730382,-0.02701805677211966,-270180567.7211966,-0.04926469860730382,-0.02701805677211966,-270180567.7211966,-0.04926469860730382,-0.02701805677211966,-270180567.7211966,-0.04926469860730382,-0.02701805677211966,-270180567.7211966,-0.04926469860730382,-50.41793697754688,-504179369775.4688,-91.93201755960412,-0.02701805677211966,-270180567.7211966,-0.04926469860730382
534,10,6.282266746896006,2.3978952727983707,0.018726591760299626,9.024063670411985,5.139096854140682,1.6925141194308615,4.933935997057893,0.8318830984799254,-0.8839650971911306,0.10226119298046413,0.977961246068216,-0.00576530023835109,0.18316152930904628,1831615293.0904627,0.301667092792434,3016670927.92434,-0.1185055634833877,1,1,0,3,2,1,8,7,5,4,9,10,6,-0.004051194312908679,-40511943.12908679,-0.022118150728437886,-0.36109957679886207,-3610995767.9886208,-1.9714815559853893,-0.1238225058089728,-1238225058.089728,-0.6760290017018178,-0.5002826120814416,-5002826120.814416,-2.731373853279641,-0.004051194499587796,-40511944.99587796,-0.022118151747642725,-4.508888881235193,-45088888812.35193,-24.617008267207673,-0.003945491015999281,-39454910.15999281,-0.021541046478936635,-0.4643815976935104,-4643815976.935103,-2.535366457385081,-0.09944959907033546,-994495990.7033546,-0.5429611744644004,-0.0196668434910503,-196668434.910503,-0.10737431361946465
100,3,4.61512051684126,1.3862943611198906,0.03,3659.03,9560.72295716895,4.061735313792941,17.158490019969495,0.29479962014482863,-1.4999999999999996,1.4662214482576063e-16,2.929969119099701e-16,-0.025800364835897538,0.10032217578910119,1003221757.8910118,0.14502131390033257,1450213139.0033257,-0.044699138111231385,1,1,0,8,7,9,3,2,5,6,1,4,10,,,,,,,,,,,,,,,,,,,,,,,,,,,,,,
559,4,6.327936783729195,1.6094379124341003,0.007155635062611807,5.9087656529517,49.289037565171604,10.081824148185571,106.11784469860777,0.7441417978080747,-1.079877231938835,0.14897167973104325,0.44320340561609495,-0.008528169640376504,0.30528243714308967,3052824371.4308968,0.07290465233410359,729046523.3410358,0.23237778480898608,1,1,0,9,7,10,1,2,5,4,6,3,8,-0.022475987856162005,-224759878.56162006,-0.07362358629765273,-0.02352309226989746,-235230922.6989746,-0.07705353930619957,-0.022524122199463648,-225241221.99463648,-0.07378125780916218,-0.02389004749670698,-238900474.96706977,-0.07825555809982418,-0.022475987856162005,-224759878.56162006,-0.07362358629765273,0.003434291024110303,34342910.24110303,0.011249553221106552,-3.161768940868246,-31617689408.682457,-10.356864844426951,-0.023879087924649767,-238790879.24649766,-0.078219658320722,-0.9709632211144328,-9709632211.144327,-3.1805407156761207,-0.02338097684767959,-233809768.4767959,-0.07658801818566666
506,19,6.2285110035911835,2.995732273553991,0.037549407114624504,12.653063241106722,7.141061511348571,0.9037707431346133,0.476544755729746,3.931010039820929,13.660291276059517,0.3110639203032772,0.9984758637837808,-0.011569391329542711,0.48154817905449565,4815481790.544956,0.7401747500296665,7401747500.296664,-0.25862657097517083,1,1,1,7,6,10,3,8,1,5,2,4,9,-0.23043299031202769,-2304329903.120277,-0.4785253071966245,0.02963481113278099,296348111.32780993,0.061540698151881686,0.44969414313738043,4496941431.373804,0.933850781079352,-0.6910456243402561,-6910456243.40256,-1.4350498130781055,-0.2304329665873368,-2304329665.873368,-0.4785252579290914,-1.0643729477447144,-10643729477.447144,-2.210314552189931,-1.064372736671526,-10643727366.715261,-2.2103141138678746,-0.005937688345326153,-59376883.45326153,-0.01233041386842042,-1.5057196324726112,-15057196324.726112,-3.1268307055569045,0.07471740891079426,747174089.1079426,0.15516081704949958
576,11,6.3578422665081,2.4849066497880004,0.019097222222222224,15.074652777777779,0.8228158762345164,-0.04038412601221919,0.05470823542821002,0.6897375879636066,-0.18753945208938427,0.04449842847007569,1.0,-0.0016226999292940913,-0.0038904890229851663,-38904890.22985166,0.03656851746288792,365685174.62887913,-0.040459006485873084,1,1,0,8,7,6,1,4,2,3,5,9,10,-0.13772492873801445,-1377249287.3801444,-1377249287.3801444,-0.7176059807749706,-7176059807.749706,-7176059807.749706,-0.37014879243327226,-3701487924.332722,-3701487924.332722,-1.2146151852811604,-12146151852.811604,-12146151852.811604,-0.13772492873801445,-1377249287.3801444,-1377249287.3801444,-10.197032926144464,-101970329261.44464,-101970329261.44464,-0.9981446035415926,-9981446035.415926,-9981446035.415926,-0.8238394503184379,-8238394503.184379,-8238394503.184379,-21.73941766520094,-217394176652.0094,-217394176652.0094,-0.2422607597398927,-2422607597.3989267,-2422607597.3989267
108,3,4.6913478822291435,1.3862943611198906,0.027777777777777776,28.88888888888889,6.498502103947923,0.5930679994274106,-0.19764706619867223,0.5034731672884787,-1.5,0.31190565490861016,0.7125253031944251,-0.003442340791738552,0.468468494447989,4684684944.47989,0.4312854196792456,4312854196.792456,0.037183074768743385,1,1,0,7,6,9,2,4,1,3,5,8,10,,,,,,,,,,,,,,,,,,,,,,,,,,,,,,
76,6,4.343805421853684,1.9459101490553132,0.07894736842105263,1.1842105263157894,0.6891642535862207,0.8668494706648489,0.22039987928172655,0.5311225290555668,-0.9436274398749092,0.15648558128193912,0.2945764323998213,-0.00020519695998877374,0.044739523304417106,447395233.04417104,0.23389762223601163,2338976222.360116,-0.18915809893159452,1,0,0,7,8,5,1,3,10,9,4,2,6,,,,,,,,,,,,,,,,,,,,,,,,,,,,,,
450,3,6.111467339502679,1.3862943611198906,0.006666666666666667,830.7911111111111,3163.6544705181536,4.99917119201903,25.62101761610387,-0.7071067811865475,-1.5000000000000002,8.746076476608605e-17,1.2044746431495667e-16,-0.0005842652462548781,0.0529448499007914,529448499.007914,0.01870180046624459,187018004.66244587,0.03424304943454681,1,1,0,8,7,10,3,1,4,5,2,6,9,-0.07349898619721063,-734989861.9721062,-1.3882178594317252,-0.07388198375701904,-738819837.5701904,-1.3954517558451833,-0.0735026563682526,-735026563.6825259,-1.3882871800747876,-0.0748051038740718,-748051038.740718,-1.4128872593697472,-0.07349898619721063,-734989861.9721062,-1.3882178594317252,-0.0736203259723387,-736203259.7233869,-1.3905096739397544,-0.07349898394606047,-734989839.4606047,-1.3882178169129502,-0.07394815259333898,-739481525.9333898,-1.396701524924592,-0.0735930594565899,-735930594.5658989,-1.3899946754875936,-0.07479892872816785,-747989287.2816784,-1.4127706258177488
475,3,6.16541785423142,1.3862943611198906,0.00631578947368421,839.4568421052631,3114.801853443271,4.877689645785748,24.048015363228828,-0.7071067811865475,-1.5000000000000002,5.970280645006843e-17,8.267830372463831e-17,-0.029402364223483968,0.026467738956146403,264677389.561464,-0.014229283383569102,-142292833.835691,0.040697022339715505,1,1,0,8,7,10,2,4,5,6,1,3,9,-0.0997188470921071,-997188470.9210709,-3.767561983943103,-0.10222184658050537,-1022218465.8050537,-3.8621299216330365,-0.10175495872785878,-1017549587.2785878,-3.8444900373414406,-0.10227559306832346,-1022755930.6832346,-3.8641605630832614,-0.0997188470921071,-997188470.9210709,-3.767561983943103,-0.09567179405481219,-956717940.5481218,-3.614656855023691,-0.09747115769513526,-974711576.9513526,-3.6826401324507647,-0.10221365282094963,-1022136528.2094963,-3.8618203462828595,-0.09901781219327188,-990178121.9327188,-3.741075592340226,-0.10234489181067641,-1023448918.1067641,-3.8667787973974117
475,3,6.16541785423142,1.3862943611198906,0.00631578947368421,838.9073684210526,3187.36769028756,4.884568115208215,23.92386838716113,-0.7071067811865475,-1.5000000000000002,5.970280645006843e-17,8.267830372463831e-17,-0.022833019996219894,0.0387934770160272,387934770.160272,-0.006224542554386536,-62245425.54386536,0.045018019570413736,1,1,0,8,7,10,2,3,5,6,1,4,9,-0.0857674576802625,-857674576.8026251,-2.2108731744985994,-0.09134542942047119,-913454294.2047119,-2.354659505842505,-0.0909645572734048,-909645572.734048,-2.344841562817985,-0.09134510831585163,-913451083.1585163,-2.354651228558687,-0.0857674576802625,-857674576.8026251,-2.2108731744985994,-0.09770550851681548,-977055085.1681547,-2.5186066326678906,-0.08959349448956644,-895934944.8956643,-2.3094989513972064,-0.09134488964043519,-913448896.4043518,-2.3546455916466784,-0.09342948116632566,-934294811.6632565,-2.4083812112981273,-0.09398830820019688,-939883082.0019687,-2.4227863916752397
209,7,5.3471075307174685,2.0794415416798357,0.03349282296650718,99.33014354066985,154.75710217478547,4.273072105948175,22.513998391517713,2.0395277320679708,2.16296038736522,0.33977619745324106,0.7581573478037231,-0.05831960735005692,0.42188598197852933,4218859819.785293,0.8074735850810286,8074735850.810286,-0.3855876031024993,1,1,0,7,6,10,3,8,1,5,2,4,9,-0.06370556421294005,-637055642.1294005,-0.15100185105506103,0.36985144919334556,3698514491.9334555,0.876662095902888,0.2616167955050789,2616167955.050789,0.620112558085405,0.2735303762170157,2735303762.170157,0.6483514217140692,-0.06370556421294005,-637055642.1294005,-0.15100185105506103,0.6398197490179541,6398197490.179541,1.5165702970678838,0.6497508009651007,6497508009.651007,1.5401099555807662,0.3440674381075086,3440674381.075086,0.8155460309297949,0.046582801542418895,465828015.4241889,0.11041561827666886,-0.15779909660770453,-1577990966.0770452,-0.37403256649502814
528,21,6.270988431858299,3.091042453358316,0.03977272727272727,99.55250946969697,764.6161472735441,14.652055060367804,223.83678576900394,2.495197104176257,4.710904000988357,0.22909328730910766,0.8753055834926825,-0.28901248710916394,-5.686781972616103,-56867819726.161026,-5.6596196781225,-56596196781.22499,-0.02716229449360341,0,1,0,3,5,1,8,9,7,6,4,10,2,-0.08602133875631623,-860213387.5631623,-860213387.5631623,-0.100411805143098,-1004118051.43098,-1004118051.43098,-0.06369951013332331,-636995101.3332331,-636995101.3332331,-0.11099705917877234,-1109970591.7877233,-1109970591.7877233,-0.08602133777888143,-860213377.7888143,-860213377.7888143,-0.19263497795790196,-1926349779.5790195,-1926349779.5790195,-0.036864133742219085,-368641337.42219085,-368641337.42219085,-0.053339659619366486,-533396596.19366485,-533396596.19366485,-0.09216802281712688,-921680228.1712688,-921680228.1712688,-0.12348277928934781,-1234827792.8934782,-1234827792.8934782
316,11,5.75890177387728,2.4849066497880004,0.03481012658227848,17.38069620253164,21.442941062702317,1.4487776523550522,1.275046468523823,0.7745314960690238,-0.3671879836471179,0.21789263690211177,0.8696294470714282,-0.0877533018931107,0.2181357649774751,2181357649.774751,0.21835785871650648,2183578587.165065,-0.00022209373903137042,1,1,0,6,7,5,1,8,3,4,9,10,2,-0.0611483654750713,-611483654.750713,-0.28032251144779274,0.37932983810221976,3793298381.0221977,1.738962146539288,0.4280386176254324,4280386176.2543235,1.9622578519832914,0.02301016317515181,230101631.7515181,0.10548551347152017,-0.06114837034419862,-611483703.4419862,-0.2803225337693379,-45.30762505797025,-453076250579.70245,-207.70378971393689,0.08127573719539527,812757371.9539527,0.37259244124313073,0.48787141853018945,4878714185.301894,2.236549419489131,0.44664507621368477,4466450762.1368475,2.0475554582248616,0.047537090799695814,475370907.99695814,0.21792433168675726
