n_samples,n_features,log_n_samples,log_n_features,feature_ratio,target_mean,target_std,target_skew,target_kurtosis,mean_feature_skew,mean_feature_kurtosis,mean_abs_corr,max_abs_corr,mean_predictor_r2,decision_stump_r2,simple_rule_r2,LGBMRegressor_1pct_r2,XGBRegressor_1pct_r2,RandomForestRegressor_1pct_r2,DecisionTreeRegressor_1pct_r2,HistGradientBoostingRegressor_1pct_r2,GradientBoostingRegressor_1pct_r2,MLPRegressor_1pct_r2,BayesianRidge_1pct_r2,LinearRegression_1pct_r2,SVR_1pct_r2,TabPFNRegressor_1pct_r2,tree_advantage,tabpfn_suitable,svm_suitable,linear_favorable,BayesianRidge_rank,TabPFNRegressor_rank,RandomForestRegressor_rank,SVR_rank,XGBRegressor_rank,GradientBoostingRegressor_rank,HistGradientBoostingRegressor_rank,MLPRegressor_rank,LinearRegression_rank,LGBMRegressor_rank,DecisionTreeRegressor_rank
194,32,5.272999559,3.496507561,0.1649484536,46.93814433,34.43455302,0.513861273,-0.8217692331,0.8975566895,-0.1008348086,0.2977461951,0.9959301897,-3.49E-06,0.05699367364,-0.268861717,-0.1048465894,-0.3473852873,-0.1844842725,-1.221130197,-0.1048465894,-0.4851603716,-0.1630367235,-0.1048288678,-2.793180076,-0.3320713368,-0.02556157112,0.3258553907,1,1,0,1,2,3,4,5,6,7,8,9,10,11
303,13,5.717027701,2.63905733,0.04290429043,0.9372937294,1.226506726,1.053248307,-0.1562117148,1.000805901,-0.3550732107,0.1558857102,0.5775368167,-0.000481161526,0.2173936917,0.5197885992,-0.5969911003,-0.2700419426,0.09777402104,-0.3399676375,-0.5969911003,-0.09494170527,0.1738343665,-0.09498194887,-0.09499881665,-0.2009037505,0.04620486498,-0.3023949075,1,1,0,1,3,4,5,8,10,7,6,2,9,11
159,15,5.075173815,2.772588722,0.09433962264,11445.72956,5859.343216,1.576546397,2.481195833,0.9797714933,0.08812926142,0.3847409464,0.9719988007,-0.0005144105658,0.7833005057,0.7106502815,-0.01274112101,0.4712943217,0.7635102574,0.4441005369,-0.01274112101,0.4957470342,-4.396345757,0.5677138693,0.5677138693,-0.2281480109,0.4477268047,0.07265022428,1,1,1,8,1,2,10,4,3,6,11,9,5,7
8192,21,9.01103541,3.091042453,0.002563476563,83.96887207,18.40078131,-3.416123946,12.71668802,3.284728646,9.709481761,0.2398021378,0.9393484703,-0.00723289435,0.7353680433,0.7118794529,0.07132351189,0.7898364067,0.944488521,0.8166721115,0.01472542043,0.945361711,-11.83086148,-0.6333072231,-4.585284412,0.09684664566,0.9563502669,0.02348859039,0,1,1,10,6,5,9,3,4,2,7,11,1,8
418,18,6.03787092,2.944438979,0.04306220096,1917.782297,1103.350822,0.4709044169,-0.4907107144,1.668266138,2.432934382,0.1554937292,0.5520799215,-0.001820574605,0.2348600755,0.4656095713,-0.002524954186,0.1076971025,0.09529641762,-0.1612053321,-0.002524954186,-0.04329505848,-2.139122352,-0.002522329952,-0.3633996116,-0.01665742781,0.1138128483,-0.2307494958,1,1,0,2,3,5,9,8,4,6,11,1,7,10
15000,48,9.615872145,3.891820298,0.0032,28.94533333,41.72442544,0.9175595975,-0.9924037007,2.298189292,3.417718047,0.1011711701,0.789913647,-0.0002631137353,0.1722804906,0.4706467066,0.7133224887,0.7779903412,0.7589004803,0.6658569885,0.718273824,0.7953634452,0.3233273258,0.1427087612,0.1715861269,-0.4631995629,0.7948360443,-0.298366216,0,0,0,9,11,1,10,3,7,4,6,8,2,5
189,9,5.247024072,2.302585093,0.04761904762,2944.656085,727.0912283,-0.2084992549,-0.110856729,1.325756919,0.04794321943,0.1154439238,0.3390307449,-0.0192450996,0.604133966,0.5807210701,-0.000952457322,0.4930445623,0.5821278933,0.3505354896,-0.000952457322,0.390750812,-17.91053779,0.3455454661,-14.37786542,-0.05872401848,0.5598559889,0.02341289591,1,1,0,4,3,6,10,8,7,1,11,5,2,9
303,13,5.717027701,2.63905733,0.04290429043,246.6930693,51.69140647,1.129874103,4.398208251,1.35567956,0.4264826485,0.1932057978,0.5775368167,-0.00187673573,0.02611807259,0.114492465,-0.05604529348,-0.4333280122,-0.3291524642,-0.8322364918,-0.05604529348,-0.634196435,-5.675086209,-0.05604987076,-96.95802372,-0.1040399495,-0.2203777936,-0.0883743924,1,1,0,2,6,3,8,9,4,7,11,1,5,10
186,60,5.231108617,4.110873864,0.3225806452,0.6518709677,0.1572981024,-1.342202454,2.009053986,1.645889614,2.341208174,0.2041680938,1,-0.003360953466,0.02290588275,0.09382620154,-0.1412724716,-1.500542375,-0.5496751799,-2.114338434,-0.1412725027,-0.817021271,-2.381039476,-2.995814078,-2.99741504,-0.864588808,-0.5674982594,-0.07092031879,0,1,0,8,2,1,4,3,7,6,10,9,5,11
159,15,5.075173815,2.772588722,0.09433962264,11445.72956,5859.343216,1.576546397,2.481195833,0.9139811482,-0.003328912538,0.380661938,0.9719988007,-0.0005144105658,0.7833005057,0.7107254466,-0.009981822705,0.428047196,0.7518735538,0.5053877627,-0.009981822705,0.5201952263,-4.485952492,-0.1337733614,-0.1337733614,-0.05928455848,0.7819741249,0.07257505914,1,1,1,8,1,2,10,4,3,6,11,9,5,7
13,13,2.63905733,2.63905733,1,311.95,70.22370825,0.8234110204,0.1133860928,0.695832263,-0.140611487,0.6262064719,0.9942618775,-0.9396116953,-1.259467909,-0.2745576679,,,,,,,,,,,,-0.9849102408,1,0,0,2,4,1,10,6,3,9,11,7,8,5
195,10,5.278114659,2.397895273,0.05128205128,558.7282051,417.6427905,1.05157905,0.3337412794,0.8760966405,-0.03615565771,0.07835152449,0.2696772166,-0.03327676193,0.5184418236,0.5576935876,-0.6385988923,-0.7650392254,-0.6291406675,-0.7945349498,-0.6385988923,-0.7829675183,-1.334719695,-0.6385944826,-1.756799267,-0.8580197201,-0.5567354986,-0.03925176407,1,1,0,3,6,1,10,8,7,5,11,2,4,9
40768,10,10.61567727,2.397895273,0.0002452904239,0.009558489703,4.392556806,-0.007670923217,-0.6069512923,-0.3484539554,-0.2560693763,0.004075959937,0.01387631673,-0.0004252377797,0.450679024,0.7056422788,0.9225183931,0.9116485898,0.9225529724,0.8731307059,0.9225183936,0.9300857698,0.9015104182,0.6901140471,0.6919852071,0.816524533,0.9187690221,-0.2549632548,0,0,1,9,11,7,6,5,3,1,4,10,2,8
16599,18,9.717157974,2.944438979,0.001084402675,0.02162497741,0.006716871406,2.424493473,7.615294537,-0.6742325784,-1.389682155,0.2073120248,0.9999909361,-0.0003276721455,0.2661506007,0.8139177684,0.1746525132,0.3275606331,0.3915086385,-0.003598615389,0.1618787401,0.3413143091,-188.021414,0.7497367545,0.7511118286,-1.117346886,0.7493083551,-0.5477671677,0,0,0,6,9,4,11,2,7,3,10,5,1,8
74,27,4.317488114,3.33220451,0.3648648649,0.6593378378,0.1274027745,-0.6016117778,3.533094141,1.044072846,0.5719983469,0.2126158665,0.9423376523,-0.03318816906,-0.2154061914,0.3814974343,,,,,,,,,,,,-0.5969036258,1,0,0,5,8,7,6,9,4,2,11,1,3,10
130,9,4.875197323,2.302585093,0.06923076923,22.18292308,15.79715614,0.1696121536,-0.9245721781,0.7478757929,-0.5744710722,0.242202389,0.6711022889,-0.1774473443,0.4022023704,0.4082202089,,,,,,,,,,,,-0.006017838513,1,1,0,3,1,6,10,8,7,4,11,2,5,9
950,9,6.857514063,2.302585093,0.009473684211,46.99407895,6.535976939,0.08087532126,-0.9573401625,0.3704969627,-1.471484969,0.4282617207,0.8825373371,-0.003071987896,0.5891466197,0.8569421609,-0.1652211416,0.2470234277,0.6760119936,-0.4439435522,-0.1652211416,0.4033706528,-0.4707575048,0.7613711125,-85.53300306,-0.1809085582,0.7827473827,-0.2677955413,1,1,1,9,1,3,8,2,6,4,11,10,5,7
286,9,5.659482216,2.302585093,0.03146853147,24.65734266,10.34009434,0.05593351,0.04978598191,0.865774767,-0.7804823204,0.1512081915,0.6897508704,-0.001232126625,0.02410405721,-0.06635310521,-0.1115761072,-0.354003787,-0.1875231895,-0.5030029074,-0.1115761072,-0.4112966305,-0.4422491835,-0.2613678805,-1.537657441,-0.05750279517,-0.2483024597,0.09045716242,1,1,0,3,1,5,2,10,6,8,9,4,7,11
8192,12,9.01103541,2.564949357,0.00146484375,83.96887207,18.40078131,-3.416123946,12.71668802,2.967237837,6.910090982,0.230519031,0.8810693839,-0.00723289435,0.7353680433,0.6886203697,0.1899878005,0.8346957564,0.9188842357,0.7049633125,0.1730290455,0.9254914388,-8.004875243,-0.08301589409,0.2006151759,0.03078073135,0.91090554,0.04674767361,0,1,0,10,5,4,9,3,6,1,7,11,2,8
200,10,5.303304908,2.397895273,0.05,-0.3373,4.463504308,0.2070986566,-0.3195268466,0.08327374175,-1.147928035,0.05900434064,0.1753428793,-0.001551333522,0.2809640156,0.7316456032,-0.03448581807,0.3363453267,0.4829815227,-0.00155229346,-0.03448581501,-0.0196093728,0.4608942391,0.4183134729,-2.136277784,0.1188665675,0.4515958265,-0.4506815875,1,1,1,8,1,5,10,6,4,2,7,9,3,11
294,13,5.686975356,2.63905733,0.04421768707,0.3605442177,0.4801583955,0.5808740766,-1.662585307,0.9525865187,-0.2012680893,0.1257994339,0.6255101133,-0.02012858968,0.3111109199,0.3052807446,-0.3777283372,-0.1450113487,0.1583559719,0.06206088993,-0.3777283372,-0.02006618216,-0.001362634151,0.1059980148,-196.5162404,-0.1706472909,0.1037131953,0.005830175382,1,1,0,4,6,5,1,8,2,7,3,9,10,11
6497,11,8.779249716,2.48490665,0.001693089118,5.818377713,0.8731880644,0.1895789113,0.2312201549,2.824707366,6.025542905,0.2447890454,0.7209340814,-4.52E-05,0.1508551445,0.2700902007,0.06533863855,-0.1705057621,0.07835177779,-0.2995520563,0.04675135628,-0.07469485653,-54.96617335,0.1785030362,0.09237588251,-0.00862380807,0.1411212683,-0.1192350562,0,1,0,9,8,1,7,4,5,3,6,10,2,11
6435,36,8.769662508,3.610917913,0.005594405594,3.668686869,2.213880083,0.352775134,-1.244137834,-1.096758768,-0.7062308379,0.4958010382,0.9606596844,-0.001073987986,0.5128367819,0.7020384357,0.546557327,0.4449686408,0.6913069637,0.2984596564,0.560140826,0.5145935762,0.484809411,0.6486878635,-1.277528686,0.7443987718,0.7627919912,-0.1892016537,0,1,1,10,1,4,8,5,7,2,6,11,3,9
13750,40,9.528866828,3.713572067,0.002909090909,-0.0008718690909,0.0004077877313,-1.354920144,2.59030587,0.3400491368,-1.742122007,0.2253984121,0.9999992422,-3.74E-05,0.3682399041,0.8230914508,0.6664982516,0.5373879275,0.6928975301,0.4311264204,0.6644860136,0.6917372521,-1107114.067,0.795643517,0.7339801322,-0.8782337385,0.8208650333,-0.4548515467,0,0,1,7,1,4,10,6,5,3,11,8,2,9
9822,85,9.192481854,4.454347296,0.008654041947,0.0596619833,0.2368595175,3.718136567,11.82453953,1.572029876,2.381879161,0.06875953075,0.9996249771,-0.0001547111167,0.02735586579,0.03339993084,-0.07277951118,-0.309704423,-0.1235581708,-0.9383919878,-0.06340796487,-0.4044942859,-0.9857216837,0.002210654808,-5.131835865,0.0008617515244,-0.140183568,-0.006044065057,0,1,0,1,7,9,5,8,2,4,10,3,6,11
360,90,5.888877958,4.510859507,0.25,8,4.320493799,0,-1.210714286,0.4653018071,-0.1744191231,0.2665484914,0.9997655413,-0.003167457142,0.1203035915,-0.05269307675,-0.0229110686,-0.7122014761,0.03109501408,-0.590782261,-0.0229110686,-0.3408218814,0.0450359673,-0.02405298552,-0.4603372766,-0.01617549809,0.09755915403,0.1729966682,0,1,0,10,1,3,8,2,4,6,9,11,5,7
2536,72,7.83873756,4.290459441,0.02839116719,0.02878548896,0.1672031237,5.63643191,29.76936468,2.237963953,4.185915255,0.2964514268,0.9765890328,-0.0005002518137,0.03928631592,0.009708689251,-0.04138263545,-3.150681496,-0.1114502564,-0.9512820513,-0.04138263545,-0.6805752113,-56676.08024,-15.23426318,-15.23676692,-0.05447075061,-0.03182935715,0.02957762667,0,1,0,1,2,8,4,7,9,5,11,3,6,10
8192,32,9.01103541,3.496507561,0.00390625,0.0004371812744,0.03025791173,0.01594544668,0.03913384099,0.1257436059,-1.98316656,0.00851202346,0.03090779965,-0.001254866498,0.1570495963,0.2138889577,-0.03168174671,-0.1575767632,0.04922014767,-0.6779644411,-0.03688302724,-0.105742647,-31.29423403,0.01714980938,-0.870362342,-0.07909233787,0.8631312197,-0.05683936141,0,1,0,8,1,5,10,4,6,2,11,9,3,7
1994,127,7.598399329,4.852030264,0.06369107322,0.2379789368,0.2329264729,1.521452861,1.8256667,11.12952701,121.9130732,0.1828139139,0.9999938758,-0.01160796045,0.3429677578,-48.91080119,-5.29E-05,-0.1365765202,0.3111250401,0.03899506631,-5.29E-05,0.3476481369,-21960378.35,-0.5287140505,-0.5292500165,-0.0064318797,0.4119136835,49.25376895,0,1,0,2,1,5,10,8,6,4,11,7,3,9
40768,10,10.61567727,2.397895273,0.0002452904239,-8.856154932,10.41998522,-0.8348120738,-0.4719455845,1.585112193,2.77548941,0.0488411029,0.746782249,-1.73E-05,0.4093651666,0.8146492652,0.9828171997,0.9856590232,0.9854469279,0.9632356665,0.9826110463,0.9917282869,0.6937574214,0.8031292578,0.8045957439,-0.0040379575,0.8849722653,-0.4052840985,0,0,1,10,11,2,8,5,7,4,1,9,3,6
12,1142,2.564949357,7.041411664,95.16666667,0.1012256667,0.2732162839,2.931195994,6.771568588,32.94694048,1099.831713,0.3754377665,1,-0.2666788492,-0.09285916055,-0.3725931161,,,,,,,,,,,,0.2797339556,0,0,0,10,5,3,2,7,1,4,11,9,6,8
11,1142,2.48490665,7.041411664,103.8181818,0.1968588182,0.335004824,1.620038527,0.8947980493,31.10245436,1006.571579,0.3558533242,1,-0.08798867824,-0.6029431493,0.3928615506,,,,,,,,,,,,-0.9958046999,0,0,0,9,8,4,5,2,3,7,11,10,6,1
13,1142,2.63905733,7.041411664,87.84615385,0.161115,0.2790774204,2.074249933,3.414430343,30.22903428,966.4997168,0.3608541104,1,-0.4573948604,-0.1098586196,-2.639779409,,,,,,,,,,,,2.52992079,0,0,0,9,5,7,2,8,3,4,11,10,6,1
4450,202,8.400884069,5.313205979,0.04539325843,0.3997083106,0.1693734343,0.3097654,-0.3542530028,11.34642685,137.3308341,0.245577969,1,-0.003764383542,0.143353265,-0.9168747524,-0.02253732601,-0.08882730246,0.1005699754,-0.373032913,-0.02253732661,-0.08844814788,-8709.315132,-135.6159786,-135.739906,-0.03005905517,0.1523099759,1.060228017,0,1,0,6,1,4,7,8,5,3,11,10,2,9
25,9,3.258096538,2.302585093,0.36,0.43922184,0.2710532207,0.2129721168,-0.6511776954,1.64692518,1.312131763,0.4813837657,0.9855954529,-0.4952775447,-0.4018416177,-2.90372285,,,,,,,,,,,,2.501881232,1,0,0,5,3,2,4,1,8,6,10,11,7,9
30,1142,3.433987204,7.041411664,38.06666667,0.1095564,0.2062758547,2.971666404,9.184928728,33.0612686,1104.471271,0.2779896367,1,-0.1408385078,-0.2415966846,-0.294972339,,,,,,,,,,,,0.05337565434,0,0,0,9,4,5,1,8,6,3,11,10,2,7
26,1142,3.295836866,7.041411664,43.92307692,0.1061843846,0.2076107748,3.180871701,10.5245769,19.46305915,387.4365728,0.504983408,1,-4.720750306,-1.568346753,-53.87499741,,,,,,,,,,,,52.30665065,0,0,0,10,5,6,7,1,8,4,11,9,3,2
79,320,4.382026635,5.771441123,4.050632911,0.574807,0.2295165305,-0.6388139888,-0.1046311243,13.31111163,199.460087,0.2897947525,1,-0.3236189797,-0.3256205884,-4.977798235,,,,,,,,,,,,4.652177646,0,0,0,9,1,4,8,3,2,6,11,10,7,5
37,1142,3.63758616,7.041411664,30.86486486,0.4874158919,0.2238327285,0.260680735,-0.4105550544,26.58872629,775.1717245,0.2740021581,1,-0.2204616749,-1.200661498,-162928734739,,,,,,,,,,,,162928734738,0,0,0,9,3,6,4,5,7,2,10,11,1,8
14,1142,2.708050201,7.041411664,81.57142857,0.2012164286,0.3219449002,1.804491906,1.625964528,30.68021879,986.3176879,0.3931176072,1,-0.05640079334,-0.2353976299,-12.97795848,,,,,,,,,,,,12.74256085,0,0,0,9,5,3,1,8,2,4,11,10,6,7
22,110,3.135494216,4.709530201,5,0.6001765909,0.2694524665,-0.6364665541,-0.3114175444,0.398053748,4.253846159,0.6176943413,1,-0.04277061757,-0.06794698687,0.6500510392,,,,,,,,,,,,-0.7179980261,0,0,0,1,2,6,5,8,7,9,11,3,10,4
10,1142,2.397895273,7.041411664,114.2,0.1992439,0.3060068078,1.758241279,1.861377354,16.96635574,343.0632854,0.439076232,1,-0.1657046823,-0.007736397268,-0.3587402594,,,,,,,,,,,,0.3510038621,0,0,0,9,5,6,7,8,2,4,11,10,3,1
8885,251,9.092232283,5.529429088,0.02824985931,0.9194261705,0.02975111462,-2.226589632,103.267448,9.847204322,99.77250927,0.02992569959,1,-0.00183377071,0.01028379589,0.009969684756,-0.1276752698,-0.1541644858,-0.08322654068,-0.3855066787,-0.1669531463,-0.1699782824,-3361.775935,0.001450347641,-54.19887639,-0.5891586145,0.001885802297,0.0003141111344,0,1,0,6,2,1,9,8,4,5,11,7,3,10
13,1142,2.63905733,7.041411664,87.84615385,0.09392169231,0.2635462361,3.094519878,7.758184374,13.55270203,194.1051137,0.3496629945,1,-0.2740423071,-0.3419745175,-1.227481937,,,,,,,,,,,,0.8855074192,0,0,0,2,6,7,3,10,8,5,11,1,4,9
34,1142,3.555348061,7.041411664,33.58823529,0.09013708824,0.2212873929,3.501672125,10.83309118,20.92534275,499.6849118,0.2130129229,1,-0.3611043953,-0.2372134543,-195.5601645,,,,,,,,,,,,195.3229511,0,0,0,9,4,2,6,7,1,3,11,10,5,8
22,628,3.135494216,6.444131257,28.54545455,0.6001765909,0.2694524665,-0.6364665541,-0.3114175444,23.92067167,586.43947,0.3890454249,1,-0.04277061757,-0.141110794,0.5617709415,,,,,,,,,,,,-0.7028817355,0,0,0,4,8,2,6,3,1,7,11,5,9,10
32,1142,3.496507561,7.041411664,35.6875,0.1517359688,0.270498734,2.2994138,4.032099775,25.98170213,756.9096263,0.3036068418,1,-0.09439535557,-1.357288647,-49.31605187,,,,,,,,,,,,47.95876322,0,0,0,9,6,1,2,7,3,5,11,10,4,8
31,53,3.465735903,3.988984047,1.709677419,0.5278638387,0.2805544588,-0.4330537503,-0.8400674704,5.639370417,34.38260055,0.2801010852,0.9996711163,-0.06000408585,0.3905428635,-49.66676057,,,,,,,,,,,,50.05730343,1,0,0,6,1,2,4,3,5,9,10,11,8,7
8885,266,9.092232283,5.587248658,0.02993809792,0.9194261705,0.02975111462,-2.226589632,103.267448,9.589858248,95.55423855,0.3659792279,1,-0.00183377071,0.01912991346,-0.0147730101,-0.1652318564,-0.6237075193,-0.1727361573,-1.104848122,-0.2087643728,-0.4300392448,-84679.37774,-564.4523531,-39970337.94,-0.2365797047,-0.0001238219243,0.03390292356,0,1,0,2,1,4,9,8,3,6,11,7,5,10
13,1142,2.63905733,7.041411664,87.84615385,0.2083915385,0.2665122051,1.940785124,3.176522638,33.67297035,1133.540503,0.2959639524,1,-14.38048962,-5.150914791,-108.3200748,,,,,,,,,,,,103.16916,0,0,0,9,4,2,6,8,7,3,11,10,5,1
80,112,4.394449155,4.727387819,1.4,0.3764755375,0.1955234865,0.6490214897,0.7503676615,3.009014609,14.40553294,0.7083754833,1,-0.005340431112,0.5056416731,-0.5849507986,,,,,,,,,,,,1.090592472,0,0,0,1,2,3,4,8,5,6,11,10,7,9
13,1142,2.63905733,7.041411664,87.84615385,0.1970014615,0.2605159109,2.244052101,4.126500469,33.04943754,1104.711808,0.4493620657,1,-0.2036685481,-1.390808532,-38.26945676,,,,,,,,,,,,36.87864822,0,0,0,9,4,2,6,8,1,3,11,10,5,7
20,9,3.044522438,2.302585093,0.45,0.16808285,0.2544798541,2.199227285,3.932809995,1.378660971,0.9002357026,0.4334810256,0.923174665,-0.1930399632,-2.585051931,-5.799261935,,,,,,,,,,,,3.214210003,1,0,0,1,2,4,3,9,8,5,7,10,6,11
16,33,2.833213344,3.526360525,2.0625,0.1875,0.3903123749,1.601281538,0.5641025641,4.643921889,22.03084869,0.4654800623,0.9831056527,-0.3980716253,0.1666666667,-0.2053951843,,,,,,,,,,,,0.372061851,1,0,0,5,7,6,8,2,4,10,3,11,9,1
22,39,3.135494216,3.688879454,1.772727273,0.2429395,0.2740173591,1.459024862,1.271609174,4.04398406,15.33505115,0.4263433961,0.9966950026,-0.01494812294,-0.2800672245,0.2545786466,,,,,,,,,,,,-0.5346458711,1,0,0,3,2,5,1,11,6,8,10,4,7,9
19,9,2.995732274,2.302585093,0.4736842105,0.3413456842,0.2556507518,1.110793181,0.4866654371,1.369088749,1.031816905,0.447794151,0.9368510203,-0.2314540215,0.4634580741,0.6097441707,,,,,,,,,,,,-0.1462860966,1,0,0,7,4,6,8,2,3,11,9,5,10,1
274,1142,5.616771098,7.041411664,4.167883212,0.3670037117,0.1800163919,0.5236004523,0.1309510165,22.09523675,517.7561596,0.1936315697,0.9999969104,-0.02316093437,-0.2931221413,-145363022612,-0.03289020402,-0.9146408052,-0.0008905848813,-0.9482590659,-0.03289019741,0.1010205792,-134753847.7,-57.0947884,-57.18489899,-0.07908036196,-1,145363022612,0,0,0,8,4,1,6,7,2,5,10,11,3,9
13,21,2.63905733,3.091042453,1.615384615,0.6034868462,0.3660939944,-0.4892583876,-1.268997532,3.9711653,14.44325391,0.421241579,0.9986332011,-0.1233595856,-0.5303637389,-1.537516905,,,,,,,,,,,,1.007153166,1,0,0,3,6,7,1,9,11,5,8,2,4,10
16,23,2.833213344,3.17805383,1.4375,0.2719245,0.244055913,1.471079566,2.332529965,1.51073187,2.203260509,0.371326795,1,-0.07751517,-1.331788712,0.6936220583,,,,,,,,,,,,-2.02541077,1,0,0,3,1,5,4,7,6,9,11,2,8,10
195,32,5.278114659,3.496507561,0.1641025641,0.6064953538,0.2466828488,-0.5872692162,-0.5667142274,2.521321846,7.569492496,1.35E-07,6.21E-07,-8.91E-08,0.04408670968,-0.1244789224,-0.2245095612,-0.453324329,-0.2523276513,-1.188946166,-0.2245095758,-0.6755814149,-9.787803104,-0.5891780529,-0.5893144573,-0.00190783543,-0.190212349,0.1685656321,1,1,0,3,1,4,2,8,5,7,11,9,6,10
10,1142,2.397895273,7.041411664,114.2,0.1499144,0.2963129072,2.2933847,3.816774984,19.72248411,485.7968555,0.3788423288,1,-0.4736104925,0.143858387,-0.4573954584,,,,,,,,,,,,0.6012538453,0,0,0,9,8,4,5,2,3,7,11,10,6,1
10,1142,2.397895273,7.041411664,114.2,0.1468017,0.2968328574,2.30017517,3.864650965,23.74334251,563.093142,0.4972833062,1,-0.3231502295,-0.4857015276,0.6486529966,,,,,,,,,,,,-1.134354524,0,0,0,2,9,6,7,3,4,8,11,1,10,5
34,1142,3.555348061,7.041411664,33.58823529,0.07026523529,0.2086303167,3.71421815,12.4129613,22.60028421,522.8566307,0.2319893281,1,-114.3285373,-414.6241428,-239479.6762,,,,,,,,,,,,239065.052,0,0,0,9,6,7,8,1,3,5,11,10,4,2
15,9,2.772588722,2.302585093,0.6,0.5698392667,0.2791485391,-0.2625021684,-0.6811852834,1.343112266,0.8625122348,0.4071376783,0.9343225797,-0.006398603066,0.2418198056,0.7853744212,,,,,,,,,,,,-0.5435546156,1,0,1,4,1,3,5,8,7,10,9,2,11,6
15,9,2.772588722,2.302585093,0.6,0.3274316,0.2392298313,1.26593244,1.614418032,1.343112266,0.8625122348,0.4071376783,0.9343225797,-0.09285661281,-0.05733510994,-1.368644119,,,,,,,,,,,,1.311309009,1,0,0,10,5,4,7,1,2,9,6,11,8,3
14,50,2.708050201,3.931825633,3.571428571,0.6159828571,0.307630204,-0.6942058143,-0.7792825158,1.18513085,1.899908048,0.4732597619,1,-0.0004607061816,-0.3279446837,0.7575888522,,,,,,,,,,,,-1.085533536,1,0,1,3,1,6,7,2,5,10,11,4,9,8
30,40,3.433987204,3.713572067,1.333333333,14.96026667,0.9999841977,0.4856808185,-0.3781217934,-0.7162929363,-0.5980982546,0.3151329537,0.7760445391,-0.03054798523,-0.1493038625,-0.6094749879,,,,,,,,,,,,0.4601711254,1,0,0,2,4,1,3,9,5,8,11,10,7,6
60,10,4.110873864,2.397895273,0.1666666667,2.45,1.442509388,1.315872053,2.220613635,0.5102431877,-1.204362817,0.1760034029,0.9118569097,-0.03193499622,0.1044817006,0.3538417781,,,,,,,,,,,,-0.2493600775,1,0,0,4,8,5,9,10,2,7,1,3,6,11
6574,14,8.791029857,2.708050201,0.00212960146,15.59946152,6.697347191,0.5119998743,0.06200670225,3.253931754,8.777547444,0.4874033964,0.9046300112,-0.00393516502,0.4429277407,0.7671482671,0.5443148031,0.4470913709,0.5276851331,0.190250331,0.5408933645,0.482700196,0.5291705593,0.6806550924,0.5115152025,0.379857251,0.661363437,-0.3242205264,0,1,1,10,1,7,6,8,5,4,2,9,3,11
240,124,5.484796933,4.828313737,0.5166666667,18.50208333,14.33255187,0.9972191127,0.06144509621,-1.473500217,0.4914023876,0.7856695311,0.999995665,-0.0004204840366,0.7394246569,0.9599647894,-0.100258676,0.6476890206,0.6419595246,0.1169114651,-0.1002586623,0.6666286598,-0.08618743406,0.8508113364,0.8508113469,-0.1722926359,0.9536386377,-0.2205401325,0,1,1,2,1,5,11,4,3,6,10,9,7,8
159,9,5.075173815,2.302585093,0.05660377358,0.3396226415,0.7509339148,2.649962396,7.550967376,0.8987785498,-0.5638854166,0.1393572081,0.3703031243,-0.01280171472,0.06293325919,0.05204758068,-0.01430656934,-0.6414107084,0.1219284672,-0.9708029197,-0.01430656934,-0.9707079985,-1.388388217,-0.2117290185,-3.483276258,-0.08537801858,0.1851729751,0.01088567851,1,1,0,5,1,3,9,7,4,8,10,2,6,11
62,9,4.143134726,2.302585093,0.1451612903,2.612903226,1.429581923,0.3684569347,-1.223521348,1.36496059,1.157548936,0.4037474963,0.9341638423,-0.05459205596,0.3938264768,-0.883309093,,,,,,,,,,,,1.27713557,1,0,0,10,1,3,5,2,4,7,11,9,8,6
315,13,5.755742214,2.63905733,0.04126984127,602.7904762,208.5636302,1.307690042,3.936554961,0.7778051037,1.202754829,0.1549142561,0.8718415043,-0.001701751454,-0.006788802731,0.03461566694,-0.006513072346,-1.245395422,-0.4911495996,-0.9878260902,-0.006513072346,-0.8871377565,-5.871131778,-1.482538577,-6.975679544,-0.01953541378,-0.5245562792,-0.04140446967,1,1,0,3,2,4,5,9,7,6,11,1,8,10
1945,18,7.573531263,2.944438979,0.009254498715,0.8210796915,0.9446740798,0.3627577041,-1.780935818,3.878881371,13.05060216,0.1292984484,0.4777482408,-0.0003722993342,0.2656213581,0.6387932515,-0.0654597445,-0.06449377537,0.2284860141,-0.1482500983,-0.0654597445,-0.1482185336,-542.425349,-1.059051198,-1.059090515,-0.7451630677,0.0153337121,-0.3731718934,0,1,0,9,1,6,11,2,5,3,10,8,4,7
120,19,4.795790546,2.995732274,0.1583333333,4.408333333,9.811978932,2.794590794,7.359120017,1.07537148,4.460483067,0.0937859798,0.5,-0.2259756681,-0.545384382,-0.29419148,,,,,,,,,,,,-0.251192902,1,1,0,2,3,4,1,5,8,11,6,9,10,7
418,19,6.03787092,2.995732274,0.04545454545,0.8301435407,0.9546413833,0.3441771304,-1.813973728,1.784390847,2.923673392,0.1509712899,0.5520799215,-0.009757725791,0.2271202045,0.5005664103,-0.01003979764,-1.200569868,-0.07805684992,-1.269274874,-0.01003979764,-1.269207691,-0.3037741744,-0.3133484873,-0.3133573227,-0.2397767562,-0.1004099846,-0.2734462058,1,1,0,7,1,6,10,4,2,5,8,9,3,11
67,14,4.219507705,2.708050201,0.2089552239,43341.20896,74272.70605,2.924889142,8.833217893,3.062548353,7.900227152,0.5636046912,0.9969344351,-0.1157996549,0.5898752282,1,,,,,,,,,,,,-0.4101247718,1,0,0,9,2,4,10,5,3,7,11,1,8,6
66,11,4.204692619,2.48490665,0.1666666667,430533.7576,1140475.928,4.857315615,24.82341664,1.023408628,-0.8299312822,0.6383243035,0.9672719249,-0.1318945983,0.2856983668,0.3609222253,,,,,,,,,,,,-0.07522385852,1,0,0,9,1,6,10,5,2,7,11,4,8,3
506,13,6.228511004,2.63905733,0.0256916996,22.53280632,9.188011545,1.104810823,1.468628772,1.967356765,3.02538993,0.3514511018,0.7692301132,-0.03469753992,0.4158767119,0.6884726255,-0.06215761634,0.4646234944,0.5393368578,0.369246338,-0.06215762516,0.6037911221,0.2662145433,-3.462354353,-3.462355063,0.003892635477,0.7077561212,-0.2725959136,1,1,0,9,1,4,10,3,2,5,11,8,6,7
534,10,6.282266747,2.397895273,0.01872659176,9.02406367,5.134282711,1.692514119,4.933935997,1.05896422,0.4704763287,0.102261193,0.9779612461,-0.005765300238,0.1831615293,0.3016670928,-0.2430507916,-0.2813134721,0.0268802851,-0.3316897777,-0.2430508075,-0.1669664584,-0.07347396708,-0.07408253992,-40.71691838,-0.1725829493,-0.1688619079,-0.1185055635,1,1,0,4,1,8,2,10,9,5,7,3,6,11
284,9,5.65248918,2.302585093,0.03169014085,25.57394366,14.52407511,0.04086905592,-1.225464196,2.118416208,3.085019753,0.5786729487,0.999094978,-0.001169281711,0.599476782,0.557867484,-0.1630413058,0.6707335114,0.7026834029,0.3971406284,-0.1630413058,0.6126107001,-3.828208682,-0.1630724235,-22.07592534,-0.2633706074,0.6810595989,0.04160929804,1,1,0,8,1,2,10,6,3,4,11,9,5,7
60,15,4.110873864,2.772588722,0.25,940.3584333,61.68571471,0.09594158635,0.05166494324,1.011135704,-0.06164206225,0.2599892519,0.9838399781,-0.005561904936,0.329478257,0.5331445564,,,,,,,,,,,,-0.2036662993,1,0,0,1,2,4,10,6,5,7,11,3,8,9
506,19,6.228511004,2.995732274,0.03754940711,12.65306324,7.134001637,0.9037707431,0.4765447557,-1.919449295,8.049323199,0.3110639203,0.9984758638,-0.01156939133,0.4815481791,0.74017475,-0.007274292776,0.03836406938,0.5382975841,-0.1437323524,-0.007274291507,0.3136727947,-31.53632244,0.4475728567,-4.478388265,-0.201388688,0.6277226003,-0.258626571,1,1,1,8,1,6,11,4,5,2,9,7,3,10
576,11,6.357842267,2.48490665,0.01909722222,15.07465278,0.8221013161,-0.04038412601,0.05470823543,0.689737588,-0.1875394521,0.04449842847,1,-0.001622699929,-0.003890489023,0.03656851746,-0.01488999741,-0.8538695027,-0.02275636434,-1.189958538,-0.01488999741,-0.7785719696,-24.45057274,-0.0569395829,-9.812814718,-0.1392486294,-0.059907655,-0.04045900649,1,1,0,9,7,1,6,5,4,3,11,8,2,10
13,13,2.63905733,2.63905733,1,25.12692308,15.74261653,0.4313465537,-1.329574163,0.4432324357,-0.5391177025,0.6058801113,0.9942618775,-0.3791769199,0.4249664559,0.9458229733,,,,,,,,,,,,-0.5208565174,1,0,1,4,3,2,11,6,1,10,8,5,9,7
8192,32,9.01103541,3.496507561,0.00390625,0.08362133081,0.121794167,1.966105966,3.75435253,1.089060442,0.9504052958,0.0122133634,0.4372114392,-8.79E-05,0.1849526792,0.5386372867,0.01620663335,-0.2098453077,0.04159200703,-0.4702642871,0.06258662829,-0.08795563114,-3.701658988,0.1049804584,-0.08465340495,0.01234019783,0.09316459013,-0.3536846076,0,1,0,5,1,7,9,8,4,3,10,6,2,11
252,14,5.533389489,2.708050201,0.05555555556,19.15079365,8.352119264,0.1454805138,-0.3509402584,1.958514128,4.058211153,0.5240776681,0.9408841249,-0.03761060045,0.6450791712,0.9879118943,-0.1876175742,0.7930817491,0.2866538358,-0.6949247465,-0.1876175615,0.483043367,0.3265685181,0.9498172365,0.9498172232,-0.06320547832,0.9694574367,-0.3428327231,1,1,1,4,1,6,10,5,7,8,11,3,9,2
8192,12,9.01103541,2.564949357,0.00146484375,83.96887207,18.40078131,-3.416123946,12.71668802,2.967237837,6.910090982,0.230519031,0.8810693839,-0.00723289435,0.7353680433,0.6886203697,0.2335571849,0.6191004515,0.8892927018,0.6651332721,0.2504143352,0.8946184623,-7.613353835,-1.933637459,-2.07833531,-0.03642030592,0.8687152267,0.04674767361,0,1,0,10,5,4,9,3,6,1,7,11,2,8
40768,10,10.61567727,2.397895273,0.0002452904239,14.40782857,4.99709155,0.001245358663,-0.4257249683,-0.3893121222,-0.9860529232,0.007216587907,0.04282513566,-4.77E-05,0.2676898888,0.7235877814,0.8740774501,0.7914663204,0.7577224873,0.4453936926,0.8722710902,0.8682300277,0.6594179711,0.7149184513,0.7141529113,0.7114860702,0.9511038662,-0.4558978926,0,0,1,9,11,7,4,5,6,3,1,10,2,8
528,21,6.270988432,3.091042453,0.03977272727,99.55250947,763.8917358,14.65205506,223.8367858,1.791759115,2.143002593,0.2290932873,0.8753055835,-0.2890124871,-5.686781973,-5.659619678,-0.066710249,-0.04862594012,-0.05590580788,-0.08055785737,-0.0667102495,-0.08136035965,-0.07630992579,-0.06551603206,-0.2140303099,-0.1041863665,-0.0401132157,-0.02716229449,0,1,0,4,1,9,2,5,10,7,3,6,8,11
316,11,5.758901774,2.48490665,0.03481012658,17.3806962,21.40898547,1.448777652,1.275046469,2.59970613,5.1550116,0.2178926369,0.8696294471,-0.08775330189,0.218135765,0.2183578587,-0.009301366602,-1.463760504,0.03224470791,-1.490366549,-0.00930136581,-0.6743319895,-0.1623880041,-1.620504744,-3.185039617,-0.1181058594,-2.01147589,-0.000222093739,1,1,0,7,1,2,6,10,9,5,3,8,4,11
316,11,5.758901774,2.48490665,0.03481012658,7.25,10.84110351,2.339500119,6.781793944,2.59970613,5.1550116,0.2178926369,0.8696294471,-0.003611921375,0.1324460476,0.2613534483,-0.07747403266,0.004712429021,0.1173019287,0.04310745411,-0.07747403414,0.08484040289,0.2258553882,-0.1647423997,-0.1647427035,-0.1816192691,0.1449303442,-0.1289074007,1,1,0,6,2,4,10,9,1,8,3,5,7,11
93,22,4.543294782,3.135494216,0.2365591398,19.50967742,9.607356775,1.508243104,3.183685705,1.019704271,0.0188715666,0.4418596146,0.9439357893,-0.04384245317,0.3793538726,0.7358910639,,,,,,,,,,,,-0.3565371913,1,0,1,3,4,1,10,2,6,8,9,5,7,11
316,11,5.758901774,2.48490665,0.03481012658,4.12056962,6.584724434,2.320690669,6.13654224,2.59970613,5.1550116,0.2178926369,0.8696294471,-0.002395862959,0.07716889891,0.1491843988,-0.04672065299,-5.923386162,-0.2357982334,-4.977568709,-0.04672066118,-1.912218126,-0.3555311169,-0.04674841288,-13.54320028,-0.3789308788,0.07295780763,-0.07201549993,1,1,0,7,4,6,10,3,9,1,8,5,2,11
8192,21,9.01103541,3.091042453,0.002563476563,83.96887207,18.40078131,-3.416123946,12.71668802,3.284728646,9.709481761,0.2398021378,0.9393484703,-0.00723289435,0.7353680433,0.7118794529,0.2538297637,0.491459012,0.8523469259,0.8930192221,0.2732758015,0.9322362425,-13.0123883,0.3594213323,0.335027478,0.03036868887,0.8073818088,0.02348859039,0,1,1,10,6,5,9,3,4,2,7,11,1,8
22784,16,10.0338577,2.833213344,0.000702247191,50074.43978,52842.31588,3.754872829,20.32219916,3.068549056,8.378290399,0.1488004952,0.9934347065,-7.36E-06,0.1330359509,0.2600660805,0.3159315351,-1.453530494,-0.2256347802,-1.644614093,0.3201086809,-0.891240121,-0.8610312579,-0.003381540988,0.1784014264,-0.09806187011,0.4521181759,-0.1270301296,0,0,0,6,10,4,11,3,5,1,9,7,2,8
316,11,5.758901774,2.48490665,0.03481012658,1.465189873,2.781697124,4.414468423,31.74320396,2.59970613,5.1550116,0.2178926369,0.8696294471,-0.0001787136645,-0.1470459488,-0.001758162397,-0.1416336572,-0.2919037988,0.03375990705,-0.537878372,-0.1416336554,-0.5103328282,-0.5790788672,-0.1408879824,-4.559901387,-0.4590417752,0.0796611783,-0.1452877864,1,1,0,2,1,8,5,10,9,6,4,3,7,11
316,11,5.758901774,2.48490665,0.03481012658,5.625949367,8.472484731,2.739105248,10.42785377,2.59970613,5.1550116,0.2178926369,0.8696294471,-0.002408386121,0.02206814908,0.103737647,-0.04524775762,-0.4380268146,-0.06350837774,-0.4676564504,-0.04524776376,-0.3473125212,-0.09860813957,-0.1088554186,-0.2472266538,-0.403895159,-0.2192950809,-0.0816694979,1,1,0,7,2,4,10,5,9,3,6,8,1,11
316,11,5.758901774,2.48490665,0.03481012658,6.230063291,11.61383183,2.69166609,7.74701565,2.59970613,5.1550116,0.2178926369,0.8696294471,-0.008360133296,0.0488015813,0.07626258714,-0.1948851203,-0.02295049835,-0.004740852485,0.0544089519,-0.1948851229,0.06701774887,-0.03508180939,-0.1948686528,-0.5210502987,-0.3388726466,-0.147297809,-0.02746100584,1,1,0,3,1,6,9,10,4,7,8,5,2,11
316,11,5.758901774,2.48490665,0.03481012658,2.177531646,5.029693625,4.148984757,18.69381288,2.59970613,5.1550116,0.2178926369,0.8696294471,-0.01681061123,0.001770889646,0.01863555522,-0.0005503808777,-1.491768141,-0.457726848,-1.643565191,-0.0005503806557,-1.648659953,-0.8086366007,-0.0002784338187,-14.67885433,-0.1753454576,-0.4491110515,-0.01686466557,1,1,0,7,8,4,9,10,1,2,5,6,3,11
250,100,5.525452939,4.615120517,0.4,4.05E-10,0.9979979964,-0.2582666829,0.1485745035,0.03950232089,-0.1716179631,0.05146599957,0.9258637012,-0.007892200961,0.1281980904,-0.2014087037,-0.04578644515,-0.28216036,-0.0281869223,-0.6481822185,-0.04578644429,-0.1707124397,-0.1627199679,-0.1585596253,-0.1585604967,-0.05916701454,-0.0465506726,0.3296067942,0,1,0,7,1,5,8,6,2,4,10,11,3,9
500,25,6.216606101,3.258096538,0.05,-6.39E-10,0.9989995003,-0.2006113575,0.0112408874,0.4919204266,0.248292949,0.05463275743,0.9197362673,-7.93E-05,0.154081514,0.2522281743,-0.001363612993,-0.019669103,0.1045700373,-0.07518366971,-0.001363613408,0.02591034102,-0.1420188634,-0.131011272,-0.1310134942,-0.002759145399,0.05983737356,-0.09814666028,0,1,0,10,1,6,8,5,4,2,11,9,3,7
500,25,6.216606101,3.258096538,0.05,-6.73E-10,0.9989994998,-0.3784588168,-0.3167837126,-0.1457172512,-0.5419964082,0.04021948024,0.8746545452,-0.02124035199,0.1143435371,0.2000538457,-0.1362649294,-0.3699702323,-0.1379778679,-1.497519798,-0.1362649439,-0.7053257535,-0.3271079863,-0.546697135,-0.5467004162,-0.05795244649,-0.1962225728,-0.08571030854,0,1,0,10,1,6,8,5,4,2,11,9,3,7
1000,50,6.908754779,3.931825633,0.05,-2.94E-10,0.9994998747,-0.4032602606,-0.4082367096,-0.1551584402,-0.1520551679,0.02673382778,0.8767450558,-3.93E-05,0.265669149,0.2314000026,-0.1346199363,0.06099899675,0.0105146942,-0.1794334321,-0.134619928,0.2065870668,-0.138123587,-0.3047220895,-0.3047232742,-0.08098229295,0.01726949248,0.03426914638,0,1,0,9,1,6,8,5,2,3,11,10,4,7
500,25,6.216606101,3.258096538,0.05,-2.02E-11,0.9989995011,-0.2810750888,-0.14370644,-0.06057764066,-0.8246025437,0.05530813087,0.9261375292,-0.004611029489,0.2471951425,0.2780458949,-0.01218044049,-0.476156891,-0.07386965872,-0.7580496108,-0.01218043975,-0.2447568675,-0.0811943763,-0.4033285615,-0.4033325349,0.03204625336,0.07118017243,-0.03085075243,0,1,0,9,1,6,8,4,5,3,11,10,2,7
100,10,4.615120517,2.397895273,0.1,-3.01E-09,0.994987437,-0.5440849471,0.06963136302,-0.4021387755,-0.6117815251,0.1887560207,0.9249664112,-0.003710231712,0.1444053298,0.2529437093,,,,,,,,,,,,-0.1085383795,1,1,0,10,1,4,11,2,3,8,7,6,9,5
1000,25,6.908754779,3.258096538,0.025,4.92E-10,0.9994998733,-0.156253716,0.0794916673,0.4378518539,-0.5301378882,0.04046091646,0.9249392534,-0.02556042615,0.1413019589,0.2936709585,-1.31E-05,-0.6845637899,0.01097632176,-0.8639443676,-1.31E-05,-0.2237061341,-0.135837153,-0.1883572703,-0.1883596395,-0.01424259358,-0.1385146629,-0.1523689996,0,1,0,11,1,6,8,5,4,2,9,10,3,7
100,50,4.615120517,3.931825633,0.5,-1.47E-09,0.9949874406,-0.8216634703,0.1012500012,0.04187813259,-0.4912258235,0.08131561452,0.9143868919,-0.002625551795,0.345216342,-2.548767728,,,,,,,,,,,,2.89398407,1,1,0,8,1,6,9,3,2,4,10,11,5,7
1000,100,6.908754779,4.615120517,0.1,2.35E-10,0.9994998741,-0.09409136916,0.1924455104,0.301417696,-0.1104199098,0.02636625178,0.93391179,-0.001205370363,0.1134617844,0.1834719468,-0.09004675651,-0.7534211267,-0.09883609245,-0.5217145539,-0.09004676395,-0.2221795687,-0.2009132163,-0.1133401479,-0.1133405163,-0.05428326432,-0.1796897426,-0.07001016242,0,1,0,9,1,6,10,5,3,4,11,8,2,7
1000,25,6.908754779,3.258096538,0.025,-7.04E-10,0.999499877,-0.4707351512,-0.7136049853,0.6572665123,0.5891673124,0.03487671653,0.8830076822,-0.001134478698,0.448057668,0.2742397382,-0.01351377221,-0.4461580846,-0.1361992644,-0.3087301796,-0.01351377206,-0.5966218945,-0.03401259902,-0.2178536616,-0.2178554451,0.02796503881,-0.1707057767,0.1738179298,0,1,0,9,1,6,8,5,2,3,11,10,4,7
1000,50,6.908754779,3.931825633,0.05,3.98E-10,0.999499875,0.06228774241,-0.4445640582,-0.2620792014,-0.3404697815,0.02507596779,0.1017507816,-0.0001768181025,0.1704265514,0.6271194515,-0.009600381276,0.2470905301,0.0174997226,-0.9822706259,-0.009600380902,-0.9955463432,0.1128314241,0.1531508478,0.153150564,0.02171262596,-0.155058993,-0.4566929001,0,1,0,8,1,6,7,5,2,3,10,9,4,11
100,10,4.615120517,2.397895273,0.1,1.80E-10,0.9949874368,-0.083314502,-0.8433527701,0.4915201089,-1.056560859,0.1004772157,0.8528260801,-0.04766927944,0.3628432208,0.3871148294,,,,,,,,,,,,-0.02427160869,1,1,0,8,1,3,7,4,2,5,10,9,6,11
1000,25,6.908754779,3.258096538,0.025,3.43E-10,0.9994998759,-0.1075051974,0.2603728781,0.2498672198,-0.8228188454,0.04812379204,0.9285742778,-0.01514781395,0.1524729615,0.2347618038,-0.4696282808,-1.32860154,-0.5917956017,-1.845646266,-0.4696282953,-1.219416899,-0.3576869774,-0.9062349144,-0.906239673,-0.186149416,-0.6001269253,-0.0822888423,0,1,0,11,1,6,9,5,4,2,8,10,3,7
1000,10,6.908754779,2.397895273,0.01,3.03E-10,0.9994998747,-0.4258024003,-0.5484406863,-0.1057338374,-0.677491594,0.05404309502,0.8777773868,-0.008875646894,0.2703069345,0.2546188988,-0.02142994728,-0.00403266739,0.04004539478,-0.6371994522,-0.02142994979,-0.1530255425,0.03642664113,-0.7843874853,-0.7844276168,0.02351329371,0.1095033527,0.01568803571,0,1,0,10,1,6,9,5,4,2,7,11,3,8
1000,10,6.908754779,2.397895273,0.01,-5.02E-11,0.9994998753,-0.0539492206,-0.5127472744,0.3337902261,-0.8010116945,0.02045190269,0.06720840354,-0.007375717407,0.192614904,0.7274522388,-0.01699711247,-0.3652683566,0.05178980939,-0.6736361099,-0.01699711148,-0.1096869044,0.1424896911,0.01446621612,-54.8626324,0.1138874844,0.1594537948,-0.5348373348,0,1,1,10,1,8,6,7,4,5,2,9,3,11
1000,25,6.908754779,3.258096538,0.025,-3.51E-10,0.999499874,0.04754521208,-0.551061809,-0.2178180239,-0.530877147,0.02606050313,0.1109472664,-0.00143245659,0.3022359904,0.7073828114,-0.0003018198264,0.05651241796,0.02919007597,-0.4801161367,-0.0003018197173,-0.3121159398,-0.01725619245,-0.01805995172,-0.01806260197,0.03692917813,0.04399843363,-0.405146821,0,1,1,10,1,6,8,5,2,4,7,9,3,11
100,50,4.615120517,3.931825633,0.5,-7.32E-10,0.9949874408,0.01958336155,-0.6267501836,-0.05730081166,-0.5833839187,0.07922715401,0.3752046687,-0.02914291823,0.2148021099,-0.1578019066,,,,,,,,,,,,0.3726040165,1,1,0,5,1,6,10,4,2,3,8,11,7,9
250,10,5.525452939,2.397895273,0.04,5.53E-10,0.9979979932,0.04650725603,0.2374331631,0.03858510555,-1.571401711,0.1648979789,0.9281530538,-0.03911358248,0.05238006204,0.1986059511,-0.04217834761,-0.637385984,-0.09633313329,-1.334349149,-0.04217835216,-0.911500181,-0.7976906739,-0.04210198448,-6.304208985,-0.02999047651,-0.02124911901,-0.146225889,1,1,0,11,1,6,8,2,4,3,9,10,5,7
250,50,5.525452939,3.931825633,0.2,-1.13E-09,0.9979979953,0.1030378653,-0.2904098076,-0.9239784117,2.590329613,0.04922890393,0.212099518,-0.01307410971,0.3070700986,0.6991622666,-0.0001966797955,-0.8097319091,-0.03552929602,-0.7728572183,-0.0001966800005,-0.5172267558,-0.01256810026,0.01557913434,0.01557853685,0.0465205582,0.1030576347,-0.392092168,0,1,0,7,1,5,9,6,4,3,10,8,2,11
500,10,6.216606101,2.397895273,0.02,7.56E-11,0.9989995007,-0.2707521756,0.04947262792,0.2600347889,-0.09457327939,0.1831158096,0.9156339088,-4.28E-10,-0.07979508735,0.199137812,-0.02064471781,-0.3788780991,-0.1649821199,-0.5981652477,-0.02064471962,-0.3329975488,-1.529934194,-0.09480891202,-41.68755046,0.0605700998,-0.2700404012,-0.2789328993,1,1,0,10,1,6,9,5,3,2,8,11,4,7
250,25,5.525452939,3.258096538,0.1,-6.32E-10,0.9979979957,-0.4908262315,-0.4830213288,-0.6998000105,1.119956647,0.0611440212,0.8859905924,-0.001127525293,0.2638867984,0.381372732,-0.3942380445,-1.211016073,-0.3114755856,-0.8802659443,-0.3942380436,-0.4141858055,-0.03788293626,-0.3938783991,-1.048353822,-0.6097728386,-0.2349671146,-0.1174859335,1,1,0,10,1,5,9,6,2,3,11,7,4,8
1000,10,6.908754779,2.397895273,0.01,7.31E-10,0.9994998732,-0.5435443961,-0.5312362847,-0.003783686986,-1.68852273,0.07470056551,0.8782381706,-0.01183368682,0.4088226528,0.3205310752,-0.004892302338,-0.4821705303,0.1873145653,-0.6974202773,-0.004892299783,-0.4473089371,-0.04163228562,-0.06120526879,-2.287747821,0.1257704064,0.2397626033,0.08829157759,0,1,0,11,1,6,9,5,4,2,7,10,3,8
1000,50,6.908754779,3.931825633,0.05,5.27E-10,0.999499875,-0.1647046885,0.3285199316,-0.3079892048,-0.1582270975,0.02997465901,0.9278814392,-0.01024548489,0.1566394972,0.2443230943,-0.01617219271,-0.4862338486,-0.1092313827,-1.741235978,-0.01617219148,-0.4824939632,-0.137677637,-0.621016296,-0.6210177897,0.01251917913,0.1169655746,-0.0876835971,0,1,0,10,1,6,9,5,4,2,11,8,3,7
1000,10,6.908754779,2.397895273,0.01,-4.01E-10,0.9994998757,-0.1649782036,0.2940551205,-0.08095245284,-1.149508517,0.1353916409,0.9312145652,-0.0002539567546,0.1742122284,0.2822788246,-0.04570071254,-0.1765902178,-0.04448259409,-0.7955408191,-0.04570070786,-0.2629432175,-0.7930673429,-1.613903748,-1.851787551,0.08847472512,-0.2358432909,-0.1080665962,0,1,0,11,1,6,9,4,5,2,7,10,3,8
500,100,6.216606101,4.615120517,0.2,-5.27E-10,0.9989995002,-0.2209646841,0.1391740092,0.0688050498,0.06908226751,0.03549369383,0.9317732536,-0.03889942182,0.06500830412,-0.0001107077916,-0.000480308282,-1.316914627,-0.007784743734,-1.663001217,-0.0004803084192,-1.214299321,-0.2510210026,-0.01376194137,-0.01376216897,0.01577307691,0.01714584881,0.06511901191,0,1,0,8,1,6,9,5,4,3,11,10,2,7
250,25,5.525452939,3.258096538,0.1,7.55E-10,0.9979979982,-0.2748144546,-0.4525375997,0.1943861474,-0.3320550752,0.05502571585,0.891456048,-0.01466317351,0.2713953282,0.05132821768,-0.2942445885,-0.1054778004,-0.2004398771,-1.082472008,-0.294244601,-0.08815559701,-0.4520880636,-0.5501945256,-0.5501962315,-0.3149171409,-0.2865225131,0.2200671105,1,1,0,8,1,6,9,4,2,5,11,10,3,7
250,10,5.525452939,2.397895273,0.04,2.33E-09,0.9979979965,0.1429717386,0.9769598001,0.327266199,-1.066838296,0.17596191,0.9275588088,-0.0001593892909,-0.01348345159,0.2742919674,-0.01243227999,-1.538911588,-0.4463779074,-2.918035754,-0.01243228103,-1.247503611,-1.882484257,-2.355086975,-9.908910512,-0.2255168055,-0.4364458939,-0.287775419,1,1,0,8,1,4,7,6,2,5,10,9,3,11
500,50,6.216606101,3.931825633,0.1,7.10E-10,0.9989995013,-0.1448563564,0.06762405309,0.09383886184,-0.3607420496,0.0418240973,0.9317701857,-8.26E-05,0.02407155092,0.1145201268,-0.01381669797,-0.5507485095,-0.01894937749,-0.7258347352,-0.01381669966,-0.2817952034,-0.1426961053,-0.1089505224,-0.1089514162,-0.01022863427,-0.006868695955,-0.09044857586,0,1,0,9,1,6,8,2,3,5,11,10,4,7
1000,50,6.908754779,3.931825633,0.05,6.05E-10,0.9994998752,-0.07025922882,0.2329849456,-0.06554040257,-0.5495412758,0.02861733661,0.9266094418,-0.000353636872,0.1262222879,0.2252878006,-0.0925284873,-0.3066209262,0.01383651804,-1.17324862,-0.09252847881,-0.5782724986,-0.4363250515,-0.7717773177,-0.7717791459,-0.2537835076,0.01203993307,-0.09906551266,0,1,0,10,1,6,8,4,5,3,11,9,2,7
250,50,5.525452939,3.931825633,0.2,1.28E-09,0.9979979985,-0.09719590581,-0.06618041571,-0.3210756751,-0.6379778399,0.05415206365,0.9258960901,-0.006599964129,-0.003308486823,-0.2560886575,-0.01219259192,0.0733441136,-0.02876943546,-1.884835648,-0.01219259618,-0.6264164428,-0.2128493243,-0.3558691289,-0.3558698767,-0.005976299795,-0.1715950725,0.2527801707,0,1,0,9,1,6,8,4,5,2,10,11,3,7
1000,25,6.908754779,3.258096538,0.025,4.07E-10,0.9994998752,-0.3643282244,-0.4887328124,0.4984413182,0.9194245712,0.03048213457,0.8858370143,-0.001777689327,0.2605101002,0.321733156,-0.002654382114,-0.5478833203,0.1525447683,-0.2084735503,-0.002654381524,-0.009640506657,-0.09234644029,-0.367679323,-0.367683352,0.04012802743,0.1723341482,-0.06122305581,0,1,0,9,1,6,10,5,4,2,11,8,3,7
100,10,4.615120517,2.397895273,0.1,-1.10E-09,0.9949874336,0.2546483992,-0.3789848064,0.4122019974,0.09339103385,0.07934822765,0.2045916692,-0.02358278725,0.2334960406,0.7365903138,,,,,,,,,,,,-0.5030942732,1,1,1,4,1,10,7,9,8,2,3,5,6,11
1000,50,6.908754779,3.931825633,0.05,4.61E-10,0.9994998752,-0.5996882849,-0.5720850281,-0.5397910994,0.5536338505,0.02775655999,0.8781901197,-0.0005060789969,0.4012778906,0.2784244532,-0.3530989729,-0.1564047273,-0.1367833439,-0.1465357896,-0.3530989675,-0.1631867114,-0.0807381138,-0.7997856378,-0.7997881911,-0.3753612493,-0.02546871099,0.1228534374,0,1,0,10,1,6,8,5,3,4,11,9,2,7
1000,10,6.908754779,2.397895273,0.01,5.40E-12,0.9994998737,-0.1725642155,0.250911744,0.2371985106,-0.9960236914,0.1680642072,0.9307798659,-0.0001938371725,0.1144559767,0.2822641679,-0.04035768524,-0.4519848934,-0.2295367225,-0.6662715588,-0.04035768898,-0.3207555442,-0.156712922,-0.8514995727,-1.145925067,0.01216341075,0.02767502633,-0.1678081912,0,1,0,10,1,6,9,2,5,4,7,11,3,8
100,25,4.615120517,3.258096538,0.25,7.10E-10,0.9949874325,-0.4864333008,-0.717334336,0.04849610164,0.2324393006,0.09582087394,0.8826919771,-0.02446102748,0.1351508882,0.08999111407,,,,,,,,,,,,0.04515977417,1,1,0,9,1,4,8,3,2,6,10,11,5,7
500,50,6.216606101,3.931825633,0.1,-1.14E-09,0.9989995008,-0.5846430097,-0.5967265962,0.2490854458,-0.1363330741,0.03881731994,0.8733674654,-0.002862802343,0.4076272224,0.1554220812,-0.004536108556,-0.4623629038,0.2547420713,-0.1055457904,-0.004536106513,0.1546035304,-0.1429208056,0.001470741849,0.001470132791,0.04178766622,0.2595942467,0.2522051412,0,1,0,9,1,6,8,5,3,4,11,10,2,7
500,10,6.216606101,2.397895273,0.02,-2.35E-10,0.9989994976,-0.5987170365,-0.504260745,-0.3775479886,-1.295388249,0.08164112841,0.8743541132,-0.003823296823,0.3693239552,0.2949994162,-0.001098278994,-0.5885937756,-0.0524594804,-0.4044890428,-0.001098277944,-0.3485823882,-0.07919102154,-0.4195105374,-0.4195460888,0.03631261417,-0.141118893,0.07432453898,1,1,0,11,1,6,9,5,3,2,8,10,4,7
100,25,4.615120517,3.258096538,0.25,-1.21E-09,0.9949874359,-0.2784899214,-0.8358833897,-0.6691216551,-0.01161210025,0.08325936812,0.855046189,-0.02199455331,0.5058118283,0.4250880545,,,,,,,,,,,,0.08072377381,1,1,0,10,1,4,11,3,2,6,8,9,5,7
100,50,4.615120517,3.931825633,0.5,1.90E-09,0.9949874393,-0.3524633024,-1.077345851,-0.2124789735,-0.08765878076,0.08446795928,0.8805658052,-0.001519031863,-0.03881860098,-3.159813187,,,,,,,,,,,,3.120994586,1,1,0,9,1,4,6,3,2,7,10,11,8,5
250,50,5.525452939,3.931825633,0.2,-6.02E-10,0.997997997,-0.04647245157,0.4406522429,-0.7080847074,0.6167606615,0.05338180004,0.9310549326,-0.04361017421,0.1225464147,0.08139785125,-0.08772326975,-0.4558959811,-0.1639447789,-0.6670294744,-0.08772326935,-0.559158922,-0.1206420802,-0.07367451796,-0.07367486079,-0.05777255351,-0.02369752003,0.04114856341,0,1,0,8,1,6,10,5,4,3,11,9,2,7
500,25,6.216606101,3.258096538,0.05,6.60E-12,0.9989994982,0.0622153009,-0.4524627257,0.557292795,-0.5324201864,0.03801194477,0.1669752239,-0.0005243994364,0.306179284,0.7374556736,-0.006120496453,-0.2880259632,0.04835658298,-0.6729694184,-0.006120495712,-0.4150955973,-0.0446540575,0.1690057623,0.1690050757,0.08164255454,0.09970831931,-0.4312763896,0,1,1,7,1,6,9,5,3,4,10,8,2,11
100,10,4.615120517,2.397895273,0.1,-1.38E-09,0.9949874347,-0.4553044574,-0.4974847163,-0.01314966975,-0.4294371914,0.1376720344,0.8890950532,-0.01824685347,0.5014268325,0.4004821135,,,,,,,,,,,,0.100944719,1,1,0,11,1,6,7,4,5,2,8,10,3,9
250,10,5.525452939,2.397895273,0.04,-7.80E-11,0.9979979949,-0.07202081254,-0.5094453241,0.4812921909,-1.051514173,0.0557688274,0.1727332104,-0.002403194796,0.1937654998,0.6066660243,-0.3251192915,-0.1625870678,0.3893986372,0.169262668,-0.3251192804,0.1541358927,0.4726497235,0.3035524014,-0.7906534688,-0.1510422251,0.6541324265,-0.4129005244,1,1,0,9,1,6,5,8,4,2,7,10,3,11
100,50,4.615120517,3.931825633,0.5,3.94E-09,0.9949874348,-0.5425041253,-0.6363659656,-0.4826179126,-0.4156835089,0.07948755189,0.9105059105,-0.0362617743,0.3069289196,-2.604333075,,,,,,,,,,,,2.911261995,1,1,0,8,1,6,9,3,5,4,10,11,2,7
500,50,6.216606101,3.931825633,0.1,8.03E-10,0.9989994993,-0.2801922366,-0.4038297265,-0.1633958187,-0.5490147195,0.0362446319,0.8905779678,-0.01684119469,0.3526005942,0.1729877305,-0.00940440548,-0.6969819688,-0.0716359032,-0.6533863734,-0.00940440781,-0.4393670588,-0.09719829931,-0.2164265051,-0.2164273633,0.004659657218,-0.1529913136,0.1796128637,0,1,0,8,1,6,10,5,2,4,11,9,3,7
250,50,5.525452939,3.931825633,0.2,2.28E-09,0.9979979943,-0.5104454233,-0.6325536121,0.5451672469,0.6773476782,0.05125730725,0.8822904538,-0.02265212857,0.318666296,0.01624071262,-0.3086417654,-0.372603529,-0.312956776,-0.886425318,-0.3086417627,-0.1649011938,-0.5150836761,-0.6430748914,-0.6430783302,-0.341076725,-0.2556514558,0.3024255834,0,1,0,8,1,6,9,3,2,4,11,10,5,7
100,25,4.615120517,3.258096538,0.25,1.30E-10,0.9949874384,-0.1203627362,0.03800210018,0.1849320943,-1.079661323,0.09263211178,0.940693209,-0.02155037357,-0.2794278415,-0.5847764026,,,,,,,,,,,,0.3053485611,1,1,0,8,1,4,7,3,2,6,10,11,5,9
100,10,4.615120517,2.397895273,0.1,-2.47E-09,0.9949874411,0.0544787353,-0.463576218,-0.4827002654,-0.6116361324,0.2242741495,0.9360502302,-0.1427769785,-0.036478931,0.3253955341,,,,,,,,,,,,-0.361874465,1,1,0,9,1,2,6,3,4,11,8,7,10,5
500,10,6.216606101,2.397895273,0.02,-1.11E-10,0.9989995008,-0.2690020299,-0.6791981277,-0.1823658932,-1.015895012,0.06407102512,0.890372208,-0.001300444431,0.3337729632,0.2121502281,-0.005157132266,-0.3589490291,0.03070432079,-0.3404904348,-0.00515713251,-0.4418778892,0.03668659126,-0.001970207492,-1.974208289,0.04407253038,0.03413920749,0.1216227351,1,1,0,10,1,5,9,6,4,2,8,11,3,7
100,50,4.615120517,3.931825633,0.5,3.24E-10,0.994987432,0.1444860383,0.3214329733,0.3596898481,-0.4816593246,0.08460731769,0.9430013229,-0.03942288886,0.2165143952,-4.543452125,,,,,,,,,,,,4.75996652,1,1,0,8,1,4,9,2,3,6,10,11,7,5
500,25,6.216606101,3.258096538,0.05,3.74E-10,0.9989994969,-0.7278214814,-0.1495235257,-0.08405056071,-0.824155717,0.04091957279,0.8991189508,-0.001216976277,0.2070945043,0.1016505957,-0.1352025857,-0.4026517617,-0.1760922773,-0.2956073412,-0.1352025788,-0.2714094769,-0.2465554755,-0.1058187328,-0.105817633,-0.1641372862,-0.3083358705,0.1054439086,0,1,0,9,1,6,8,5,4,2,11,10,3,7
250,25,5.525452939,3.258096538,0.1,-5.38E-10,0.9979979966,-0.1646595524,-0.07006539726,0.6887198138,-0.02730420683,0.07063512883,0.9224754472,-0.01260358891,0.02009124909,-0.1993930036,-0.008696372174,-0.6022702542,-0.114485805,-0.7189958177,-0.008696368904,-0.6722888774,-0.3186867094,0.02531265852,-0.4942391055,-0.0181548201,0.01857291762,0.2194842527,1,1,0,9,1,5,7,6,4,2,11,10,3,8
500,50,6.216606101,3.931825633,0.1,-1.24E-09,0.9989995016,-0.0112973687,0.6418711254,0.1462295974,-0.2555206071,0.04009447264,0.9295457357,-0.01424048727,0.1926401089,0.1997620145,-0.1316207969,-0.7534550732,-0.255072424,-1.539636164,-0.1316207961,-0.892847243,-0.1560546281,-0.489766196,-0.4897682501,-0.1770870517,-0.2429653008,-0.007121905571,0,1,0,9,1,5,8,6,2,4,11,10,3,7
500,10,6.216606101,2.397895273,0.02,6.19E-10,0.9989994962,-0.00209560351,0.3801096875,-0.1411092628,-1.410663254,0.1437268209,0.9274209149,-0.005185672883,0.1077165445,0.3201425672,-0.004996010225,0.1280106606,0.2080819818,-0.3019818348,-0.004996009122,0.06476683256,-0.01464083439,0.1378876892,-5.183132043,0.1529752884,0.1767984472,-0.2124260227,1,1,0,10,1,4,9,6,2,3,8,11,5,7
250,10,5.525452939,2.397895273,0.04,-1.21E-09,0.9979979961,-0.479682742,-0.5882485006,0.2870831282,-0.5806241039,0.1050920239,0.907036864,-0.06421942985,0.1202329799,0.2342085886,-0.1099264473,0.02725752501,0.1849094873,-0.08842021609,-0.1099264467,0.1210966137,-0.05974716573,-0.1538728369,-2.248528086,0.1129598856,-0.008513326643,-0.1139756087,1,1,0,10,1,5,7,6,4,3,9,11,2,8
250,50,5.525452939,3.931825633,0.2,1.29E-09,0.997997999,-0.3591525482,-0.72818389,-0.487453296,-0.04101125593,0.05240526746,0.8875676285,-0.007907646611,0.3441526918,0.3093783649,-0.001750628121,-0.6234900541,0.1418370885,-0.3144153358,-0.001750627682,-0.08699251721,-0.03549690026,0.06312001659,0.06311931992,0.0612735063,0.07915722727,0.03477432689,0,1,0,8,1,6,10,5,4,2,11,9,3,7
500,50,6.216606101,3.931825633,0.1,-1.47E-10,0.9989994994,0.02566126547,-0.4440731244,-0.2652545584,-0.5994317179,0.03722288128,0.1952981221,-0.0009642960995,0.2723322728,0.7295208216,-0.02451505276,-0.02617655412,0.09236056073,-0.1208938392,-0.02451505365,0.1071631379,-0.3214886061,0.1112373633,0.1112370872,-0.008067649718,0.1543082772,-0.4571885488,0,1,1,6,1,5,9,8,3,4,10,7,2,11
100,25,4.615120517,3.258096538,0.25,9.20E-10,0.9949874387,0.1316534294,-0.6348172483,-0.1644567279,-0.6007234344,0.07965637075,0.3236622097,-0.04106487376,-0.001789904641,0.6927647199,,,,,,,,,,,,-0.6945546246,1,1,0,2,1,9,10,8,5,7,4,3,6,11
100,100,4.615120517,4.615120517,1,-1.02E-09,0.9949874394,-0.3539551024,-0.3743968584,-0.08983877896,0.2723248531,0.08204469042,0.9169703285,-0.07034799798,-0.3744467909,-2.297218391,,,,,,,,,,,,1.9227716,0,1,0,6,1,2,3,8,7,4,9,11,5,10
250,25,5.525452939,3.258096538,0.1,1.14E-09,0.9979979955,0.08213966071,-0.1502320188,-0.1369235037,-0.8421332707,0.05573575773,0.1972462371,-0.002107012494,0.2225607008,0.6976082853,-0.0008401797148,0.1617899042,0.01177549076,0.08505052931,-0.0008401799829,0.08569292929,-0.2112049921,-0.03655279677,-0.03655718417,0.06133153294,-0.1446533548,-0.4750475845,1,1,0,6,1,5,10,8,4,2,9,7,3,11
500,10,6.216606101,2.397895273,0.02,3.23E-10,0.9989994975,0.03258581788,-0.5833966114,-0.2983832057,-1.170521858,0.0371529391,0.1433897131,-0.004672587503,0.195431381,0.5881060254,-0.01426179367,-0.1793010482,0.03602841934,-0.2313402207,-0.01426179258,-0.1397417542,-0.03460876508,-0.2127131607,-1.006331183,0.08839568099,-0.0006582844954,-0.3926746444,1,1,0,9,1,8,6,7,4,2,5,10,3,11
100,25,4.615120517,3.258096538,0.25,-1.22E-09,0.9949874357,-0.4871267884,-0.7818963994,0.1325759954,-0.5346759755,0.08469526397,0.8599933485,-0.3194938464,-0.1559112957,-0.4923041283,,,,,,,,,,,,0.3363928326,1,1,0,8,1,5,7,3,2,6,10,11,4,9
250,10,5.525452939,2.397895273,0.04,1.69E-09,0.9979979944,-0.6416658715,-0.6875461693,0.8563227542,0.3724237617,0.108590938,0.8813416623,-0.008722195625,0.4700363039,0.20269633,-0.2742065538,-0.6013394522,-0.286314333,-2.027189522,-0.2742065457,-0.6521826321,-0.4270909668,-0.2566440687,-89.94365164,-0.06992317823,-0.3434344656,0.2673399739,1,1,0,10,1,5,8,4,6,2,9,11,3,7
250,25,5.525452939,3.258096538,0.1,-1.22E-09,0.9979979976,-0.2584404303,0.4249103529,-0.0616483312,-0.2618864363,0.06984408487,0.9227166557,-0.01534830941,0.2605253939,0.2922324269,-9.95E-06,-0.7582911749,0.2154321304,-0.8106248436,-9.95E-06,-0.3787157337,0.1232496065,0.06627313759,0.06627172604,0.08510660154,0.1477089474,-0.031707033,1,1,0,9,1,4,8,6,2,3,11,10,5,7
508,10,6.232448017,2.397895273,0.01968503937,8.386515748,2.863578969,2.740681613,12.5872771,1.206142825,0.2393594318,0.4258877753,0.9236739066,-0.007654260428,0.5065167226,0.5606325723,-0.06978463967,0.09831119521,0.07690862278,0.2299147437,-0.06978461892,0.1262196452,0.03661369479,0.3271612077,-1.838406256,-0.0903304754,0.1998468749,-0.05411584968,1,1,0,4,1,3,9,7,2,6,10,5,8,11
27,10,3.33220451,2.397895273,0.3703703704,5389.666667,1138.465146,0.1271437894,-1.190283323,1.470393311,1.077292474,0.906027564,0.9983997672,-0.1239601063,0.1976246486,0.9999659799,,,,,,,,,,,,-0.8023413313,1,0,1,1,3,4,10,7,5,9,11,2,8,6
52,9,3.970291914,2.302585093,0.1730769231,18.08653846,4.351968116,-1.122608912,1.794195487,0.1549937603,-1.325839345,0.3410900856,0.7260418169,-0.003425988314,-0.4144324827,0.7292746,,,,,,,,,,,,-1.143707083,1,0,1,4,1,2,7,8,3,10,11,5,9,6
235,12,5.463831805,2.564949357,0.05106382979,51.51446809,44.96997063,1.288194926,1.67209784,3.014537967,7.08882879,0.7487009972,0.9420299908,-0.01835143355,0.6441776664,0.8791226387,-0.1649584055,0.3550474157,0.4799254201,0.219184998,-0.1649584014,0.5500860078,0.3484460528,0.4014970165,0.4014969786,-0.1677869749,0.5335916433,-0.2349449722,1,1,1,2,1,5,10,7,8,4,11,3,6,9
42,15,3.761200116,2.772588722,0.3571428571,69.91190476,11.74326965,0.3789069584,-0.52297762,0.9758581084,0.1428573444,0.4149164166,0.9492601569,-0.2077047609,-0.07634937915,0.6586727182,,,,,,,,,,,,-0.7350220973,1,0,0,2,3,5,6,7,4,8,11,1,9,10
42,9,3.761200116,2.302585093,0.2142857143,89.83571429,46.82843469,0.9266135988,1.196149685,2.461494795,4.086778324,0.3576436595,0.8895985146,-0.01778185903,0.07701145322,0.2061162695,,,,,,,,,,,,-0.1291048162,1,0,0,10,1,2,9,4,6,8,11,3,7,5
1000,10,6.908754779,2.397895273,0.01,3.801,0.8108014554,0.01753742982,-0.8465343608,0.8054368717,-1.074555097,0.1265564943,0.3987214301,-0.002068517505,0.1063302839,0.3427158371,-0.1641821663,-0.3495508432,0.0485074451,-0.8244837254,-0.1641821663,-0.07767351678,-0.005067294703,0.04797789781,-0.7388462114,0.2441815765,0.02626734972,-0.2363855532,0,1,0,2,11,9,1,7,4,5,10,3,6,8
60,16,4.110873864,2.833213344,0.2666666667,406.4133333,651.4679525,2.614084214,6.63063663,0.4609641858,-1.032063008,0.1914612928,0.6593341107,-0.04459797454,0.4442477186,0.8747157583,,,,,,,,,,,,-0.4304680397,1,0,0,3,1,7,10,4,6,8,11,2,9,5
75,14,4.33073334,2.708050201,0.1866666667,1.790122079,2.301004736,1.657966413,2.043791788,1.907874501,2.754383791,0.2486518425,0.8251501397,-0.05394840351,-0.186987502,-10.03571973,,,,,,,,,,,,9.848732224,1,0,0,2,1,6,3,10,7,5,9,11,4,8
145,94,4.983606622,4.553876892,0.6482758621,4.613793103,10.82091602,5.533384027,42.18388043,8.162302736,71.85374281,0.4063651936,1,-0.003955519194,-0.002807415342,-1.63483525,-0.06094092445,0.4483055472,0.274563533,0.06896267611,-0.06094092445,0.07776012862,-0.8975861975,-0.2911763218,-2.024239287,-0.1648375116,0.3361104727,1.632027835,0,1,0,6,5,4,9,1,7,3,10,11,2,8
31,30,3.465735903,3.433987204,0.9677419355,445.2258065,502.607569,1.651398237,1.921984941,-0.412264283,0.2991311941,0.1765095694,0.7802239563,-0.04117296823,0.3862792109,0.6088742686,,,,,,,,,,,,-0.2225950577,1,0,0,4,1,5,10,7,6,9,11,3,8,2
93,23,4.543294782,3.17805383,0.247311828,624.411828,1129.804419,4.188075145,21.80867974,4.476706529,18.04255118,0.1843580876,0.7395766391,-1.670893255,-0.1081442734,-2.631379226,,,,,,,,,,,,2.523234953,1,0,0,4,2,6,1,11,8,7,3,10,9,5
47,13,3.871201011,2.63905733,0.2765957447,194,39.46935251,0.3790970243,-1.057023228,2.713375371,6.246257014,0.3288858019,0.9935864832,-0.1445967663,0.4848575884,0.729183701,,,,,,,,,,,,-0.2443261126,1,0,1,3,1,2,8,5,4,10,11,6,9,7
53,9,3.988984047,2.302585093,0.1698113208,0.5132075472,0.3355185993,0.9723852608,0.7121080388,1.600636566,0.9830164115,0.3757054501,0.9272050615,-0.0007569664267,0.5949742524,0.8654919781,,,,,,,,,,,,-0.2705177257,1,0,1,3,1,4,8,5,7,9,6,2,10,11
59,15,4.094344562,2.772588722,0.2542372881,22.96610169,46.26854776,4.994974393,27.22196046,1.032377222,0.1204129554,0.2474003297,0.9837471051,-0.02406187925,-0.3242611144,1,,,,,,,,,,,,-1.324261114,1,0,0,1,3,8,7,11,4,10,5,2,9,6
200,19,5.303304908,2.995732274,0.095,1.125,0.4575751304,3.596179684,11.43640009,1.32355438,1.859327348,0.113498563,0.5370804557,-0.0006574794866,-0.6134020619,-0.06891243674,-0.0824742268,-0.08247435093,-0.0824742268,-0.0824742268,-0.0824742268,-0.0824742268,-1.197242461,-0.0824742268,-0.0824742268,-0.0824742268,-0.0824742268,-0.5444896251,1,1,0,4,6,10,1,7,9,2,8,5,3,11